#,weapon_type,weapon_type_description,firearm_make,firearm_model,firearm_barrel_length,firearm_caliber,total_number_of_shots,firearm_reloaded,number_of_cartridge_reloaded,handgun_worn_type,handgun_drawn_type,method_used_to_reload,sight_used,protective_cover_used,discharge_distance,object_struck_of_discharge,discharge_position,trr_report_id
1,TASER (PROBE DISCHARGE),,,,,,,,,,,,,,,,,96453
2,TASER (DRIVE STUN MODE),,,,,,,,,,,,,,,,,96465
3,TASER (PROBE DISCHARGE),,,,,,,,,,,,,,,,,96475
4,TASER (PROBE DISCHARGE),,,,,,,,,,,,,,,,,96483
5,TASER (PROBE DISCHARGE),,,,,,,,,,,,,,,,,96525
6,CHEMICAL WEAPON,,,,,,,,,,,,,,,,,96558
7,TASER (PROBE DISCHARGE),,,,,,,,,,,,,,,,,96565
8,TASER (DRIVE STUN MODE),,,,,,,,,,,,,,,,,96576
9,TASER (PROBE DISCHARGE),,,,,,,,,,,,,,,,,96576
10,TASER (PROBE DISCHARGE),,,,,,,,,,,,,,,,,96591
11,TASER (PROBE DISCHARGE),,,,,,,,,,,,,,,,,96596
12,TASER (PROBE DISCHARGE),,,,,,,,,,,,,,,,,96608
13,TASER (PROBE DISCHARGE),,,,,,,,,,,,,,,,,96618
14,TASER (PROBE DISCHARGE),,,,,,,,,,,,,,,,,96634
15,TASER (PROBE DISCHARGE),,,,,,,,,,,,,,,,,96644
16,TASER (PROBE DISCHARGE),,,,,,,,,,,,,,,,,96656
17,TASER (PROBE DISCHARGE),,,,,,,,,,,,,,,,,96673
18,TASER (PROBE DISCHARGE),,,,,,,,,,,,,,,,,96687
19,TASER (PROBE DISCHARGE),,,,,,,,,,,,,,,,,96692
20,TASER (PROBE DISCHARGE),,,,,,,,,,,,,,,,,96722
21,TASER (PROBE DISCHARGE),,,,,,,,,,,,,,,,,96727
22,TASER (PROBE DISCHARGE),,,,,,,,,,,,,,,,,96729
23,TASER (PROBE DISCHARGE),,,,,,,,,,,,,,,,,96740
24,CHEMICAL WEAPON,,,,,,,,,,,,,,,,,96759
25,TASER (PROBE DISCHARGE),,,,,,,,,,,,,,,,,96759
26,CHEMICAL WEAPON,,,,,,,,,,,,,,,,,96760
27,TASER (PROBE DISCHARGE),,,,,,,,,,,,,,,,,96772
28,TASER (PROBE DISCHARGE),,,,,,,,,,,,,,,,,96773
29,TASER (PROBE DISCHARGE),,,,,,,,,,,,,,,,,96785
30,TASER (PROBE DISCHARGE),,,,,,,,,,,,,,,,,96794
31,CHEMICAL WEAPON,,,,,,,,,,,,,,,,,96806
32,OTHER (SPECIFY),,,,,,,,,,,,,,,,,96806
33,TASER (PROBE DISCHARGE),,,,,,,,,,,,,,,,,96830
34,TASER (PROBE DISCHARGE),,,,,,,,,,,,,,,,,96846
35,SEMI-AUTO PISTOL,"GLOCK, INC.--AU--",,17,4, 9 MM,3,No,3,RIGHT SIDE (WAIST),STRONG SIDE DRAW,,false,NONE,10-15FT,PERSON,STANDING,96849
36,TASER (PROBE DISCHARGE),,,,,,,,,,,,,,,,,96857
37,TASER (PROBE DISCHARGE),,,,,,,,,,,,,,,,,96861
38,TASER (PROBE DISCHARGE),,,,,,,,,,,,,,,,,96881
39,TASER (PROBE DISCHARGE),,,,,,,,,,,,,,,,,96882
40,TASER (PROBE DISCHARGE),,,,,,,,,,,,,,,,,96889
41,TASER (PROBE DISCHARGE),,,,,,,,,,,,,,,,,96894
42,SEMI-AUTO PISTOL,"GLOCK, INC.--AU--",,21,4.6,45 CAL,5,No,0,RIGHT SIDE (WAIST),STRONG SIDE DRAW,DNA,true,WOODEN FENCE,05-10FT,PERSON,OTHER (SPECIFY),96895
43,SEMI-AUTO PISTOL,"GLOCK, INC.--AU--",,30,4,45 CAL,1,No,0,RIGHT SIDE (WAIST),STRONG SIDE DRAW,,false,DISTANCE,0-5FT,UNKNOWN,STANDING,96919
44,CHEMICAL WEAPON,,,,,,,,,,,,,,,,,96934
45,CHEMICAL WEAPON,,,,,,,,,,,,,,,,,96935
46,CHEMICAL WEAPON,,,,,,,,,,,,,,,,,96936
47,RIFLE,"SMITH & WESSON  -US- (BODYGUARD,CHIEF SPECIAL)",,M&P 4,16,223/5.56,4,No,,RIGHT SIDE (WAIST),OTHER (SPECIFY),,true,NOT COVERED,OVER 15FT,UNKNOWN,STANDING,96944
48,RIFLE,GWINN FIREARMS  --US--  (BUSHMASTER),,XM15,14.5,223/5.56,10,No,,RIGHT SIDE (WAIST),OTHER (SPECIFY),,true,NOT COVERED,OVER 15FT,UNKNOWN,STANDING,96948
49,TASER (PROBE DISCHARGE),,,,,,,,,,,,,,,,,96954
50,TASER (PROBE DISCHARGE),,,,,,,,,,,,,,,,,96955
51,TASER (PROBE DISCHARGE),,,,,,,,,,,,,,,,,96962
52,TASER (PROBE DISCHARGE),,,,,,,,,,,,,,,,,96977
53,TASER (PROBE DISCHARGE),,,,,,,,,,,,,,,,,96980
54,TASER (PROBE DISCHARGE),,,,,,,,,,,,,,,,,96981
55,TASER (PROBE DISCHARGE),,,,,,,,,,,,,,,,,96988
56,TASER (PROBE DISCHARGE),,,,,,,,,,,,,,,,,97005
57,CHEMICAL WEAPON,,,,,,,,,,,,,,,,,97023
58,OTHER (SPECIFY),,,,,,,,,,,,,,,,,97035
59,CHEMICAL WEAPON,,,,,,,,,,,,,,,,,97047
60,CHEMICAL WEAPON,,,,,,,,,,,,,,,,,97048
61,SEMI-AUTO PISTOL,"GLOCK, INC.--AU--",,19,4, 9 MM,1,No,0,RIGHT SIDE (WAIST),STRONG SIDE DRAW,N/A,false,DUTY HOLSTER,10-15FT,OBJECT,STANDING,97082
62,TASER (PROBE DISCHARGE),,,,,,,,,,,,,,,,,97143
63,TASER (PROBE DISCHARGE),,,,,,,,,,,,,,,,,97155
64,TASER (PROBE DISCHARGE),,,,,,,,,,,,,,,,,97171
65,TASER (PROBE DISCHARGE),,,,,,,,,,,,,,,,,97172
66,TASER (PROBE DISCHARGE),,,,,,,,,,,,,,,,,97178
67,TASER (PROBE DISCHARGE),,,,,,,,,,,,,,,,,97187
68,TASER (PROBE DISCHARGE),,,,,,,,,,,,,,,,,97188
69,TASER (PROBE DISCHARGE),,,,,,,,,,,,,,,,,97193
70,TASER (PROBE DISCHARGE),,,,,,,,,,,,,,,,,97218
71,TASER (PROBE DISCHARGE),,,,,,,,,,,,,,,,,97228
72,TASER (DRIVE STUN MODE),,,,,,,,,,,,,,,,,97268
73,TASER (PROBE DISCHARGE),,,,,,,,,,,,,,,,,97279
74,TASER (PROBE DISCHARGE),,,,,,,,,,,,,,,,,97280
75,CHEMICAL WEAPON,,,,,,,,,,,,,,,,,97289
76,CHEMICAL WEAPON,,,,,,,,,,,,,,,,,97298
77,TASER (PROBE DISCHARGE),,,,,,,,,,,,,,,,,97300
78,TASER (PROBE DISCHARGE),,,,,,,,,,,,,,,,,97308
79,TASER (PROBE DISCHARGE),,,,,,,,,,,,,,,,,97309
80,TASER (PROBE DISCHARGE),,,,,,,,,,,,,,,,,97310
81,OTHER (SPECIFY),,,,,,,,,,,,,,,,,97311
82,TASER (PROBE DISCHARGE),,,,,,,,,,,,,,,,,97311
83,TASER (PROBE DISCHARGE),,,,,,,,,,,,,,,,,97329
84,TASER (PROBE DISCHARGE),,,,,,,,,,,,,,,,,97335
85,OTHER (SPECIFY),,,,,,,,,,,,,,,,,97338
86,TASER (PROBE DISCHARGE),,,,,,,,,,,,,,,,,97339
87,CHEMICAL WEAPON,,,,,,,,,,,,,,,,,97348
88,TASER (PROBE DISCHARGE),,,,,,,,,,,,,,,,,97355
89,TASER (PROBE DISCHARGE),,,,,,,,,,,,,,,,,97358
90,SEMI-AUTO PISTOL,"F.I. INDUSTRIES(FORMERLY) --US-- (BERETTA USA CORP,BRONCO)",,PX4 STORM,4, 9 MM,12,No,,RIGHT SIDE (WAIST),STRONG SIDE DRAW,,true,DEPARTMENT VEHICLE,OVER 15FT,BOTH,STANDING,97371
91,TASER (PROBE DISCHARGE),,,,,,,,,,,,,,,,,97372
92,TASER (PROBE DISCHARGE),,,,,,,,,,,,,,,,,97378
93,TASER (PROBE DISCHARGE),,,,,,,,,,,,,,,,,97390
94,TASER (PROBE DISCHARGE),,,,,,,,,,,,,,,,,97402
95,SEMI-AUTO PISTOL,"GLOCK, INC.--AU--",,17,4 INCH, 9 MM,1,No,,RIGHT SIDE (WAIST),OTHER (SPECIFY),,false,NONE,05-10FT,PERSON,STANDING,97444
96,TASER (PROBE DISCHARGE),,,,,,,,,,,,,,,,,97455
97,TASER (PROBE DISCHARGE),,,,,,,,,,,,,,,,,97512
98,TASER (DRIVE STUN MODE),,,,,,,,,,,,,,,,,97517
99,TASER (PROBE DISCHARGE),,,,,,,,,,,,,,,,,97517
100,TASER (PROBE DISCHARGE),,,,,,,,,,,,,,,,,97521
101,TASER (PROBE DISCHARGE),,,,,,,,,,,,,,,,,97568
102,TASER (PROBE DISCHARGE),,,,,,,,,,,,,,,,,97582
103,TASER (PROBE DISCHARGE),,,,,,,,,,,,,,,,,97590
104,TASER (PROBE DISCHARGE),,,,,,,,,,,,,,,,,97603
105,TASER (PROBE DISCHARGE),,,,,,,,,,,,,,,,,97632
106,TASER (PROBE DISCHARGE),,,,,,,,,,,,,,,,,97634
107,TASER (PROBE DISCHARGE),,,,,,,,,,,,,,,,,97640
108,TASER (PROBE DISCHARGE),,,,,,,,,,,,,,,,,97647
109,TASER (PROBE DISCHARGE),,,,,,,,,,,,,,,,,97660
110,TASER (PROBE DISCHARGE),,,,,,,,,,,,,,,,,97665
111,TASER (PROBE DISCHARGE),,,,,,,,,,,,,,,,,97667
112,TASER (PROBE DISCHARGE),,,,,,,,,,,,,,,,,97669
113,TASER (PROBE DISCHARGE),,,,,,,,,,,,,,,,,97673
114,TASER (PROBE DISCHARGE),,,,,,,,,,,,,,,,,97682
115,SEMI-AUTO PISTOL,"GLOCK, INC.--AU--",,21,4,45 CAL,2,No,0,RIGHT SIDE (WAIST),STRONG SIDE DRAW,0,true,NONE,05-10FT,PERSON,OTHER (SPECIFY),97693
116,TASER (PROBE DISCHARGE),,,,,,,,,,,,,,,,,97698
117,TASER (PROBE DISCHARGE),,,,,,,,,,,,,,,,,97716
118,TASER (PROBE DISCHARGE),,,,,,,,,,,,,,,,,97735
119,TASER (PROBE DISCHARGE),,,,,,,,,,,,,,,,,97744
120,TASER (PROBE DISCHARGE),,,,,,,,,,,,,,,,,97756
121,TASER (PROBE DISCHARGE),,,,,,,,,,,,,,,,,97773
122,TASER (PROBE DISCHARGE),,,,,,,,,,,,,,,,,97797
123,TASER (PROBE DISCHARGE),,,,,,,,,,,,,,,,,97820
124,TASER (PROBE DISCHARGE),,,,,,,,,,,,,,,,,97830
125,TASER (PROBE DISCHARGE),,,,,,,,,,,,,,,,,97831
126,TASER (PROBE DISCHARGE),,,,,,,,,,,,,,,,,97843
127,TASER (PROBE DISCHARGE),,,,,,,,,,,,,,,,,97867
128,CHEMICAL WEAPON,,,,,,,,,,,,,,,,,97873
129,TASER (PROBE DISCHARGE),,,,,,,,,,,,,,,,,97874
130,TASER (PROBE DISCHARGE),,,,,,,,,,,,,,,,,97891
131,TASER (PROBE DISCHARGE),,,,,,,,,,,,,,,,,97909
132,OTHER (SPECIFY),,,,,,0,No,0,RIGHT SIDE (WAIST),OTHER (SPECIFY),NONE,false,NONE,0-5FT,NONE,STANDING,97918
133,TASER (PROBE DISCHARGE),,,,,,,,,,,,,,,,,97929
134,TASER (PROBE DISCHARGE),,,,,,,,,,,,,,,,,97967
135,TASER (PROBE DISCHARGE),,,,,,,,,,,,,,,,,97976
136,TASER (PROBE DISCHARGE),,,,,,,,,,,,,,,,,97979
137,TASER (PROBE DISCHARGE),,,,,,,,,,,,,,,,,97988
138,TASER (PROBE DISCHARGE),,,,,,,,,,,,,,,,,97990
139,TASER (DRIVE STUN MODE),,,,,,,,,,,,,,,,,97995
140,TASER (PROBE DISCHARGE),,,,,,,,,,,,,,,,,97995
141,TASER (PROBE DISCHARGE),,,,,,,,,,,,,,,,,98020
142,TASER (PROBE DISCHARGE),,,,,,,,,,,,,,,,,98022
143,TASER (PROBE DISCHARGE),,,,,,,,,,,,,,,,,98026
144,TASER (PROBE DISCHARGE),,,,,,,,,,,,,,,,,98039
145,TASER (PROBE DISCHARGE),,,,,,,,,,,,,,,,,98042
146,TASER (DRIVE STUN MODE),,,,,,,,,,,,,,,,,98043
147,TASER (PROBE DISCHARGE),,,,,,,,,,,,,,,,,98045
148,TASER (PROBE DISCHARGE),,,,,,,,,,,,,,,,,98051
149,SEMI-AUTO PISTOL,"GLOCK, INC.--AU--",,19,4INCH, 9 MM,1,No,,RIGHT SIDE (WAIST),STRONG SIDE DRAW,,true,NONE,OVER 15FT,OBJECT,STANDING,98052
150,TASER (PROBE DISCHARGE),,,,,,,,,,,,,,,,,98061
151,TASER (PROBE DISCHARGE),,,,,,,,,,,,,,,,,98062
152,TASER (PROBE DISCHARGE),,,,,,,,,,,,,,,,,98074
153,TASER (PROBE DISCHARGE),,,,,,,,,,,,,,,,,98109
154,CHEMICAL WEAPON,,,,,,,,,,,,,,,,,98110
155,SEMI-AUTO PISTOL,"GLOCK, INC.--AU--",,17,4.49, 9 MM,1,No,0,RIGHT SIDE (WAIST),STRONG SIDE DRAW,,false,NONE,05-10FT,PERSON,STANDING,98111
156,TASER (PROBE DISCHARGE),,,,,,,,,,,,,,,,,98117
157,TASER (PROBE DISCHARGE),,,,,,,,,,,,,,,,,98136
158,TASER (PROBE DISCHARGE),,,,,,,,,,,,,,,,,98157
159,TASER (PROBE DISCHARGE),,,,,,,,,,,,,,,,,98169
160,TASER (PROBE DISCHARGE),,,,,,,,,,,,,,,,,98205
161,SEMI-AUTO PISTOL,"GLOCK, INC.--AU--",,22,4, 9 MM,2,No,,RIGHT SIDE (WAIST),STRONG SIDE DRAW,,false,NONE,05-10FT,PERSON,STANDING,98208
162,TASER (PROBE DISCHARGE),,,,,,,,,,,,,,,,,98217
163,TASER (PROBE DISCHARGE),,,,,,,,,,,,,,,,,98243
164,TASER (PROBE DISCHARGE),,,,,,,,,,,,,,,,,98245
165,TASER (PROBE DISCHARGE),,,,,,,,,,,,,,,,,98256
166,TASER (PROBE DISCHARGE),,,,,,,,,,,,,,,,,98267
167,TASER (PROBE DISCHARGE),,,,,,,,,,,,,,,,,98268
168,TASER (PROBE DISCHARGE),,,,,,,,,,,,,,,,,98272
169,TASER (PROBE DISCHARGE),,,,,,,,,,,,,,,,,98273
170,SEMI-AUTO PISTOL,SIG/S. I. G./SWISS INDUSTRIAL GESELLSCHAFT   --SZ--,,P226,4.4, 9 MM,9,No,,RIGHT SIDE (WAIST),STRONG SIDE DRAW,,false,NONE,05-10FT,PERSON,STANDING,98278
171,SEMI-AUTO PISTOL,SIG/S. I. G./SWISS INDUSTRIAL GESELLSCHAFT   --SZ--,,P226,4, 9 MM,3,No,,RIGHT SIDE (WAIST),STRONG SIDE DRAW,,false,NONE,10-15FT,PERSON,STANDING,98279
172,SEMI-AUTO PISTOL,"GLOCK, INC.--AU--",,22,4.48,40 S&W,9,No,,RIGHT SIDE (WAIST),STRONG SIDE DRAW,,false,NONE,05-10FT,PERSON,STANDING,98280
173,TASER (PROBE DISCHARGE),,,,,,,,,,,,,,,,,98288
174,TASER (PROBE DISCHARGE),,,,,,,,,,,,,,,,,98295
175,SEMI-AUTO PISTOL,"GLOCK, INC.--AU--",,27,3.5,40 S&W,4,No,0,RIGHT SIDE (WAIST),STRONG SIDE DRAW,,false,NONE,0-5FT,PERSON,STANDING,98310
176,TASER (PROBE DISCHARGE),,,,,,,,,,,,,,,,,98316
177,TASER (PROBE DISCHARGE),,,,,,,,,,,,,,,,,98320
178,TASER (PROBE DISCHARGE),,,,,,,,,,,,,,,,,98325
179,TASER (PROBE DISCHARGE),,,,,,,,,,,,,,,,,98328
180,TASER (PROBE DISCHARGE),,,,,,,,,,,,,,,,,98350
181,OTHER (SPECIFY),,,,,,,,,,,,,,,,,98358
182,TASER (PROBE DISCHARGE),,,,,,,,,,,,,,,,,98359
183,TASER (PROBE DISCHARGE),,,,,,,,,,,,,,,,,98363
184,SEMI-AUTO PISTOL,SIG/S. I. G./SWISS INDUSTRIAL GESELLSCHAFT   --SZ--,,P226,4.4, 9 MM,2,No,0,RIGHT SIDE (WAIST),STRONG SIDE DRAW,NONE,false,NONE,05-10FT,PERSON,STANDING,98365
185,SEMI-AUTO PISTOL,"GLOCK, INC.--AU--",,19,4, 9 MM,9,Yes,15,RIGHT SIDE (WAIST),STRONG SIDE DRAW,TACTICAL RELOAD/MAGAZINE,false,NONE,0-5FT,OBJECT,STANDING,98373
186,SEMI-AUTO PISTOL,"GLOCK, INC.--AU--",,17,4.5, 9 MM,1,No,0,RIGHT SIDE (WAIST),STRONG SIDE DRAW,NONE,true,NONE,OVER 15FT,UNKNOWN,STANDING,98374
187,SEMI-AUTO PISTOL,"GLOCK, INC.--AU--",,17,4.5, 9 MM,5,No,,LEFT SIDE (WAIST),STRONG SIDE DRAW,,false,NONE,05-10FT,PERSON,STANDING,98376
188,CHEMICAL WEAPON,,,,,,,,,,,,,,,,,98418
189,TASER (PROBE DISCHARGE),,,,,,,,,,,,,,,,,98466
190,TASER (PROBE DISCHARGE),,,,,,,,,,,,,,,,,98496
191,TASER (PROBE DISCHARGE),,,,,,,,,,,,,,,,,98499
192,TASER (DRIVE STUN MODE),,,,,,,,,,,,,,,,,98502
193,TASER (PROBE DISCHARGE),,,,,,,,,,,,,,,,,98518
194,TASER (PROBE DISCHARGE),,,,,,,,,,,,,,,,,98524
195,TASER (PROBE DISCHARGE),,,,,,,,,,,,,,,,,98544
196,TASER (PROBE DISCHARGE),,,,,,,,,,,,,,,,,98547
197,TASER (PROBE DISCHARGE),,,,,,,,,,,,,,,,,98562
198,TASER (PROBE DISCHARGE),,,,,,,,,,,,,,,,,98566
199,TASER (PROBE DISCHARGE),,,,,,,,,,,,,,,,,98573
200,CHEMICAL WEAPON,,,,,,,,,,,,,,,,,98575
201,CHEMICAL WEAPON,,,,,,,,,,,,,,,,,98576
202,TASER (DRIVE STUN MODE),,,,,,,,,,,,,,,,,98584
203,TASER (PROBE DISCHARGE),,,,,,,,,,,,,,,,,98593
204,TASER (PROBE DISCHARGE),,,,,,,,,,,,,,,,,98595
205,TASER (PROBE DISCHARGE),,,,,,,,,,,,,,,,,98602
206,OTHER (SPECIFY),,,,,,,,,,,,,,,,,98603
207,TASER (PROBE DISCHARGE),,,,,,,,,,,,,,,,,98622
208,TASER (PROBE DISCHARGE),,,,,,,,,,,,,,,,,98623
209,TASER (PROBE DISCHARGE),,,,,,,,,,,,,,,,,98626
210,TASER (PROBE DISCHARGE),,,,,,,,,,,,,,,,,98658
211,TASER (PROBE DISCHARGE),,,,,,,,,,,,,,,,,98662
212,TASER (PROBE DISCHARGE),,,,,,,,,,,,,,,,,98664
213,TASER (PROBE DISCHARGE),,,,,,,,,,,,,,,,,98665
214,TASER (PROBE DISCHARGE),,,,,,,,,,,,,,,,,98668
215,SEMI-AUTO PISTOL,"GLOCK, INC.--AU--",,19,4, 9 MM,2,No,,RIGHT SIDE (WAIST),STRONG SIDE DRAW,,true,VEHICLE,OVER 15FT,NONE,SITTING,98671
216,SEMI-AUTO PISTOL,"GLOCK, INC.--AU--",,23,4,40 S&W,13,Yes,14,RIGHT SIDE (WAIST),STRONG SIDE DRAW,EMERGENCY RELOAD,true,SQUAD CAR,OVER 15FT,OBJECT,SITTING,98675
217,TASER (PROBE DISCHARGE),,,,,,,,,,,,,,,,,98701
218,TASER (PROBE DISCHARGE),,,,,,,,,,,,,,,,,98709
219,TASER (PROBE DISCHARGE),,,,,,,,,,,,,,,,,98717
220,CHEMICAL WEAPON,,,,,,,,,,,,,,,,,98731
221,TASER (PROBE DISCHARGE),,,,,,,,,,,,,,,,,98738
222,TASER (PROBE DISCHARGE),,,,,,,,,,,,,,,,,98750
223,TASER (DRIVE STUN MODE),,,,,,,,,,,,,,,,,98754
224,TASER (PROBE DISCHARGE),,,,,,,,,,,,,,,,,98756
225,TASER (PROBE DISCHARGE),,,,,,,,,,,,,,,,,98759
226,TASER (PROBE DISCHARGE),,,,,,,,,,,,,,,,,98768
227,SEMI-AUTO PISTOL,"GLOCK, INC.--AU--",,21,4.75,45 CAL,1,No,0,RIGHT SIDE (WAIST),STRONG SIDE DRAW,,false,GARBAGE CAN,OVER 15FT,UNKNOWN,OTHER (SPECIFY),98774
228,TASER (PROBE DISCHARGE),,,,,,,,,,,,,,,,,98780
229,TASER (PROBE DISCHARGE),,,,,,,,,,,,,,,,,98790
230,TASER (PROBE DISCHARGE),,,,,,,,,,,,,,,,,98794
231,TASER (PROBE DISCHARGE),,,,,,,,,,,,,,,,,98812
232,TASER (PROBE DISCHARGE),,,,,,,,,,,,,,,,,98839
233,TASER (PROBE DISCHARGE),,,,,,,,,,,,,,,,,98849
234,SEMI-AUTO PISTOL,SIG/S. I. G./SWISS INDUSTRIAL GESELLSCHAFT   --SZ--,,P229,4 IN, 9 MM,1,No,,RIGHT SIDE (WAIST),STRONG SIDE DRAW,,false,NONE,10-15FT,OBJECT,STANDING,98860
235,TASER (PROBE DISCHARGE),,,,,,,,,,,,,,,,,98881
236,TASER (PROBE DISCHARGE),,,,,,,,,,,,,,,,,98892
237,TASER (PROBE DISCHARGE),,,,,,,,,,,,,,,,,98896
238,TASER (PROBE DISCHARGE),,,,,,,,,,,,,,,,,98903
239,TASER (PROBE DISCHARGE),,,,,,,,,,,,,,,,,98912
240,TASER (PROBE DISCHARGE),,,,,,,,,,,,,,,,,98919
241,TASER (PROBE DISCHARGE),,,,,,,,,,,,,,,,,98997
242,TASER (PROBE DISCHARGE),,,,,,,,,,,,,,,,,99020
243,TASER (PROBE DISCHARGE),,,,,,,,,,,,,,,,,99024
244,TASER (PROBE DISCHARGE),,,,,,,,,,,,,,,,,99028
245,TASER (PROBE DISCHARGE),,,,,,,,,,,,,,,,,99050
246,TASER (PROBE DISCHARGE),,,,,,,,,,,,,,,,,99067
247,SEMI-AUTO PISTOL,"GLOCK, INC.--AU--",,30,4, 45 ACP,4,No,,RIGHT SIDE (WAIST),STRONG SIDE DRAW,,true,VEHICLE,10-15FT,UNKNOWN,SITTING,99075
248,SEMI-AUTO PISTOL,"GLOCK, INC.--AU--",,19,4, 9 MM,6,No,,RIGHT SIDE (WAIST),STRONG SIDE DRAW,,true,VEHICLE,10-15FT,UNKNOWN,SITTING,99078
249,TASER (PROBE DISCHARGE),,,,,,,,,,,,,,,,,99082
250,TASER (PROBE DISCHARGE),,,,,,,,,,,,,,,,,99103
251,TASER (PROBE DISCHARGE),,,,,,,,,,,,,,,,,99107
252,TASER (PROBE DISCHARGE),,,,,,,,,,,,,,,,,99110
253,TASER (PROBE DISCHARGE),,,,,,,,,,,,,,,,,99111
254,TASER (PROBE DISCHARGE),,,,,,,,,,,,,,,,,99116
255,TASER (PROBE DISCHARGE),,,,,,,,,,,,,,,,,99117
256,TASER (PROBE DISCHARGE),,,,,,,,,,,,,,,,,99118
257,TASER (PROBE DISCHARGE),,,,,,,,,,,,,,,,,99119
258,TASER (PROBE DISCHARGE),,,,,,,,,,,,,,,,,99129
259,TASER (PROBE DISCHARGE),,,,,,,,,,,,,,,,,99133
260,TASER (PROBE DISCHARGE),,,,,,,,,,,,,,,,,99151
261,TASER (PROBE DISCHARGE),,,,,,,,,,,,,,,,,99153
262,TASER (PROBE DISCHARGE),,,,,,,,,,,,,,,,,99167
263,TASER (PROBE DISCHARGE),,,,,,,,,,,,,,,,,99198
264,TASER (PROBE DISCHARGE),,,,,,,,,,,,,,,,,99206
265,TASER (PROBE DISCHARGE),,,,,,,,,,,,,,,,,99232
266,TASER (PROBE DISCHARGE),,,,,,,,,,,,,,,,,99262
267,TASER (PROBE DISCHARGE),,,,,,,,,,,,,,,,,99300
268,TASER (PROBE DISCHARGE),,,,,,,,,,,,,,,,,99302
269,TASER (PROBE DISCHARGE),,,,,,,,,,,,,,,,,99322
270,TASER (PROBE DISCHARGE),,,,,,,,,,,,,,,,,99325
271,TASER (PROBE DISCHARGE),,,,,,,,,,,,,,,,,99346
272,TASER (PROBE DISCHARGE),,,,,,,,,,,,,,,,,99348
273,TASER (DRIVE STUN MODE),,,,,,,,,,,,,,,,,99360
274,TASER (PROBE DISCHARGE),,,,,,,,,,,,,,,,,99364
275,TASER (PROBE DISCHARGE),,,,,,,,,,,,,,,,,99396
276,TASER (PROBE DISCHARGE),,,,,,,,,,,,,,,,,99399
277,TASER (PROBE DISCHARGE),,,,,,,,,,,,,,,,,99418
278,TASER (PROBE DISCHARGE),,,,,,,,,,,,,,,,,99432
279,CHEMICAL WEAPON,,,,,,,,,,,,,,,,,99445
280,TASER (PROBE DISCHARGE),,,,,,,,,,,,,,,,,99445
281,TASER (DRIVE STUN MODE),,,,,,,,,,,,,,,,,99459
282,TASER (PROBE DISCHARGE),,,,,,,,,,,,,,,,,99472
283,TASER (PROBE DISCHARGE),,,,,,,,,,,,,,,,,99535
284,TASER (PROBE DISCHARGE),,,,,,,,,,,,,,,,,99550
285,TASER (PROBE DISCHARGE),,,,,,,,,,,,,,,,,99554
286,CHEMICAL WEAPON,,,,,,,,,,,,,,,,,99584
287,SEMI-AUTO PISTOL,"GLOCK, INC.--AU--",,17,4.5, 9 MM,10,No,,RIGHT SIDE (WAIST),STRONG SIDE DRAW,,true,CEMENT WALL,05-10FT,UNKNOWN,STANDING,99611
288,SEMI-AUTO PISTOL,"GLOCK, INC.--AU--",,17,4.48, 9 MM,4,No,0,RIGHT SIDE (WAIST),STRONG SIDE DRAW,NONE,false,NONE,0-5FT,PERSON,STANDING,99612
289,TASER (PROBE DISCHARGE),,,,,,,,,,,,,,,,,99614
290,TASER (PROBE DISCHARGE),,,,,,,,,,,,,,,,,99624
291,TASER (PROBE DISCHARGE),,,,,,,,,,,,,,,,,99625
292,CHEMICAL WEAPON,,,,,,,,,,,,,,,,,99665
293,SEMI-AUTO PISTOL,SIG/S. I. G./SWISS INDUSTRIAL GESELLSCHAFT   --SZ--,,P229,4, 9 MM,5,No,,LEFT SIDE (WAIST),STRONG SIDE DRAW,,true,NONE AVAILABLE,OVER 15FT,UNKNOWN,STANDING,99667
294,TASER (PROBE DISCHARGE),,,,,,,,,,,,,,,,,99680
295,TASER (PROBE DISCHARGE),,,,,,,,,,,,,,,,,99681
296,TASER (PROBE DISCHARGE),,,,,,,,,,,,,,,,,99682
297,SEMI-AUTO PISTOL,"STURM, RUGER & CO. (BEARCAT,BLACKHAWK,SPEED SIX)",,LCP,2.75,380 ACP,1,No,0,OTHER (SPECIFY),STRONG SIDE DRAW,,false,NONE,0-5FT,UNKNOWN,STANDING,99707
298,SEMI-AUTO PISTOL,"GLOCK, INC.--AU--",,17,4, 9 MM,6,No,0,RIGHT SIDE (WAIST),STRONG SIDE DRAW,0,false,NONE,05-10FT,PERSON,STANDING,99718
299,TASER (PROBE DISCHARGE),,,,,,,,,,,,,,,,,99729
300,TASER (PROBE DISCHARGE),,,,,,,,,,,,,,,,,99730
301,TASER (PROBE DISCHARGE),,,,,,,,,,,,,,,,,99780
302,TASER (DRIVE STUN MODE),,,,,,,,,,,,,,,,,99804
303,TASER (PROBE DISCHARGE),,,,,,,,,,,,,,,,,99810
304,TASER (PROBE DISCHARGE),,,,,,,,,,,,,,,,,99837
305,TASER (PROBE DISCHARGE),,,,,,,,,,,,,,,,,99838
306,TASER (PROBE DISCHARGE),,,,,,,,,,,,,,,,,99862
307,CHEMICAL WEAPON,,,,,,,,,,,,,,,,,99921
308,TASER (PROBE DISCHARGE),,,,,,,,,,,,,,,,,99921
309,TASER (PROBE DISCHARGE),,,,,,,,,,,,,,,,,102678
310,SEMI-AUTO PISTOL,"GLOCK, INC.--AU--",,17,4, 9 MM,7,No,,RIGHT SIDE (WAIST),STRONG SIDE DRAW,,true,BUILDING,10-15FT,BOTH,STANDING,99930
311,SEMI-AUTO PISTOL,"GLOCK, INC.--AU--",,26,3, 9 MM,11,No,0,RIGHT SIDE (WAIST),STRONG SIDE DRAW,,true,CAR,10-15FT,PERSON,STANDING,99933
312,TASER (DRIVE STUN MODE),,,,,,,,,,,,,,,,,99947
313,TASER (PROBE DISCHARGE),,,,,,,,,,,,,,,,,99950
314,TASER (PROBE DISCHARGE),,,,,,,,,,,,,,,,,99953
315,TASER (PROBE DISCHARGE),,,,,,,,,,,,,,,,,99972
316,TASER (PROBE DISCHARGE),,,,,,,,,,,,,,,,,100001
317,TASER (PROBE DISCHARGE),,,,,,,,,,,,,,,,,100003
318,TASER (PROBE DISCHARGE),,,,,,,,,,,,,,,,,100044
319,TASER (PROBE DISCHARGE),,,,,,,,,,,,,,,,,100053
320,TASER (PROBE DISCHARGE),,,,,,,,,,,,,,,,,100068
321,TASER (PROBE DISCHARGE),,,,,,,,,,,,,,,,,100074
322,TASER (PROBE DISCHARGE),,,,,,,,,,,,,,,,,100084
323,TASER (PROBE DISCHARGE),,,,,,,,,,,,,,,,,100096
324,TASER (PROBE DISCHARGE),,,,,,,,,,,,,,,,,100100
325,TASER (PROBE DISCHARGE),,,,,,,,,,,,,,,,,100101
326,TASER (DRIVE STUN MODE),,,,,,,,,,,,,,,,,100109
327,TASER (PROBE DISCHARGE),,,,,,,,,,,,,,,,,100112
328,TASER (PROBE DISCHARGE),,,,,,,,,,,,,,,,,100113
329,TASER (PROBE DISCHARGE),,,,,,,,,,,,,,,,,100121
330,TASER (PROBE DISCHARGE),,,,,,,,,,,,,,,,,100138
331,TASER (PROBE DISCHARGE),,,,,,,,,,,,,,,,,100152
332,SEMI-AUTO PISTOL,"GLOCK, INC.--AU--",,17,4.48, 9 MM,10,Yes,0,RIGHT SIDE (WAIST),STRONG SIDE DRAW,SPEED RELOAD,true,POLICE VEHICLE,05-10FT,PERSON,STANDING,100157
333,SEMI-AUTO PISTOL,"GLOCK, INC.--AU--",,19,4.49, 9 MM,2,No,,RIGHT SIDE (WAIST),STRONG SIDE DRAW,,true,VEHICLE DOOR,05-10FT,PERSON,STANDING,100158
334,TASER (PROBE DISCHARGE),,,,,,,,,,,,,,,,,100166
335,TASER (PROBE DISCHARGE),,,,,,,,,,,,,,,,,100189
336,TASER (PROBE DISCHARGE),,,,,,,,,,,,,,,,,100201
337,TASER (PROBE DISCHARGE),,,,,,,,,,,,,,,,,100221
338,SEMI-AUTO PISTOL,"GLOCK, INC.--AU--",,21,4.6,45 CAL,2,No,,RIGHT SIDE (WAIST),STRONG SIDE DRAW,,true,BUSHES,10-15FT,PERSON,STANDING,100234
339,TASER (PROBE DISCHARGE),,,,,,,,,,,,,,,,,100235
340,TASER (PROBE DISCHARGE),,,,,,,,,,,,,,,,,100236
341,TASER (PROBE DISCHARGE),,,,,,,,,,,,,,,,,100239
342,SEMI-AUTO PISTOL,"GLOCK, INC.--AU--",,17,4.49, 9 MM,4,No,0,RIGHT SIDE (WAIST),STRONG SIDE DRAW,,false,NONE,OVER 15FT,PERSON,STANDING,100245
343,TASER (PROBE DISCHARGE),,,,,,,,,,,,,,,,,100246
344,TASER (PROBE DISCHARGE),,,,,,,,,,,,,,,,,100255
345,TASER (PROBE DISCHARGE),,,,,,,,,,,,,,,,,100267
346,TASER (PROBE DISCHARGE),,,,,,,,,,,,,,,,,100285
347,TASER (PROBE DISCHARGE),,,,,,,,,,,,,,,,,100293
348,SEMI-AUTO PISTOL,"GLOCK, INC.--AU--",,17,4.5, 9 MM,1,No,,RIGHT SIDE (WAIST),STRONG SIDE DRAW,,false,BRICK WALL,0-5FT,UNKNOWN,STANDING,100297
349,SEMI-AUTO PISTOL,"GLOCK, INC.--AU--",,19,4, 9 MM,1,No,0,OTHER (SPECIFY),OTHER (SPECIFY),,true,UNKNOWN,05-10FT,UNKNOWN,OTHER (SPECIFY),100298
350,SEMI-AUTO PISTOL,"GLOCK, INC.--AU--",,21,4.5,45 CAL,14,No,,RIGHT SIDE (WAIST),STRONG SIDE DRAW,,true,BRICK WALL,05-10FT,PERSON,STANDING,100299
351,SEMI-AUTO PISTOL,"GLOCK, INC.--AU--",,19,4, 9 MM,5,No,,RIGHT SIDE (WAIST),STRONG SIDE DRAW,,false,CONCRETE STAIRS,OVER 15FT,PERSON,KNEELING,100300
352,SEMI-AUTO PISTOL,SIG/S. I. G./SWISS INDUSTRIAL GESELLSCHAFT   --SZ--,,P220,40,45 CAL,5,No,,RIGHT SIDE (WAIST),STRONG SIDE DRAW,,true,DNA,OVER 15FT,UNKNOWN,STANDING,100301
353,TASER (PROBE DISCHARGE),,,,,,,,,,,,,,,,,100306
354,TASER (PROBE DISCHARGE),,,,,,,,,,,,,,,,,100309
355,TASER (PROBE DISCHARGE),,,,,,,,,,,,,,,,,100318
356,TASER (PROBE DISCHARGE),,,,,,,,,,,,,,,,,100321
357,TASER (PROBE DISCHARGE),,,,,,,,,,,,,,,,,100322
358,TASER (PROBE DISCHARGE),,,,,,,,,,,,,,,,,100358
359,TASER (PROBE DISCHARGE),,,,,,,,,,,,,,,,,100378
360,TASER (PROBE DISCHARGE),,,,,,,,,,,,,,,,,100382
361,TASER (PROBE DISCHARGE),,,,,,,,,,,,,,,,,100408
362,SEMI-AUTO PISTOL,"SMITH & WESSON  -US- (BODYGUARD,CHIEF SPECIAL)",,5943,4, 9 MM,1,No,,RIGHT SIDE (WAIST),STRONG SIDE DRAW,,false,DNA,10-15FT,UNKNOWN,STANDING,100423
363,TASER (PROBE DISCHARGE),,,,,,,,,,,,,,,,,100444
364,TASER (PROBE DISCHARGE),,,,,,,,,,,,,,,,,100445
365,TASER (PROBE DISCHARGE),,,,,,,,,,,,,,,,,100446
366,TASER (PROBE DISCHARGE),,,,,,,,,,,,,,,,,100464
367,TASER (PROBE DISCHARGE),,,,,,,,,,,,,,,,,100480
368,TASER (PROBE DISCHARGE),,,,,,,,,,,,,,,,,100501
369,TASER (PROBE DISCHARGE),,,,,,,,,,,,,,,,,100502
370,TASER (PROBE DISCHARGE),,,,,,,,,,,,,,,,,100518
371,TASER (PROBE DISCHARGE),,,,,,,,,,,,,,,,,100531
372,TASER (PROBE DISCHARGE),,,,,,,,,,,,,,,,,100548
373,TASER (PROBE DISCHARGE),,,,,,,,,,,,,,,,,100569
374,TASER (PROBE DISCHARGE),,,,,,,,,,,,,,,,,100579
375,CHEMICAL WEAPON,,,,,,,,,,,,,,,,,100601
376,TASER (PROBE DISCHARGE),,,,,,,,,,,,,,,,,100618
377,TASER (PROBE DISCHARGE),,,,,,,,,,,,,,,,,100631
378,TASER (DRIVE STUN MODE),,,,,,,,,,,,,,,,,100633
379,TASER (PROBE DISCHARGE),,,,,,,,,,,,,,,,,100633
380,TASER (PROBE DISCHARGE),,,,,,,,,,,,,,,,,100646
381,TASER (PROBE DISCHARGE),,,,,,,,,,,,,,,,,100648
382,TASER (PROBE DISCHARGE),,,,,,,,,,,,,,,,,100662
383,TASER (PROBE DISCHARGE),,,,,,,,,,,,,,,,,100665
384,TASER (PROBE DISCHARGE),,,,,,,,,,,,,,,,,100676
385,CHEMICAL WEAPON,,,,,,,,,,,,,,,,,100684
386,TASER (PROBE DISCHARGE),,,,,,,,,,,,,,,,,100687
387,TASER (PROBE DISCHARGE),,,,,,,,,,,,,,,,,100691
388,CHEMICAL WEAPON,,,,,,,,,,,,,,,,,100704
389,TASER (PROBE DISCHARGE),,,,,,,,,,,,,,,,,100713
390,TASER (PROBE DISCHARGE),,,,,,,,,,,,,,,,,100736
391,TASER (PROBE DISCHARGE),,,,,,,,,,,,,,,,,100746
392,TASER (PROBE DISCHARGE),,,,,,,,,,,,,,,,,100748
393,TASER (PROBE DISCHARGE),,,,,,,,,,,,,,,,,100753
394,TASER (PROBE DISCHARGE),,,,,,,,,,,,,,,,,100760
395,SEMI-AUTO PISTOL,"GLOCK, INC.--AU--",,17,4.5, 9 MM,9,No,,RIGHT SIDE (WAIST),STRONG SIDE DRAW,,true,CAR DOOR,0-5FT,PERSON,STANDING,100770
396,TASER (PROBE DISCHARGE),,,,,,,,,,,,,,,,,100775
397,TASER (PROBE DISCHARGE),,,,,,,,,,,,,,,,,100777
398,SEMI-AUTO PISTOL,"GLOCK, INC.--AU--",,23,4,40 S&W,3,No,0,RIGHT SIDE (WAIST),STRONG SIDE DRAW,,false,NONE,0-5FT,PERSON,STANDING,100780
399,CHEMICAL WEAPON,,,,,,,,,,,,,,,,,100784
400,TASER (PROBE DISCHARGE),,,,,,,,,,,,,,,,,100784
401,TASER (DRIVE STUN MODE),,,,,,,,,,,,,,,,,100786
402,TASER (PROBE DISCHARGE),,,,,,,,,,,,,,,,,100886
403,TASER (DRIVE STUN MODE),,,,,,,,,,,,,,,,,100890
404,TASER (PROBE DISCHARGE),,,,,,,,,,,,,,,,,100894
405,TASER (DRIVE STUN MODE),,,,,,,,,,,,,,,,,100901
406,TASER (PROBE DISCHARGE),,,,,,,,,,,,,,,,,100911
407,TASER (PROBE DISCHARGE),,,,,,,,,,,,,,,,,100939
408,SEMI-AUTO PISTOL,SIG/S. I. G./SWISS INDUSTRIAL GESELLSCHAFT   --SZ--,,P226,4.4, 9 MM,2,No,,RIGHT SIDE (WAIST),STRONG SIDE DRAW,,true,NONE,0-5FT,NONE,OTHER (SPECIFY),100948
409,SEMI-AUTO PISTOL,"GLOCK, INC.--AU--",,19,4.01, 9 MM,4,No,0,RIGHT SIDE (WAIST),STRONG SIDE DRAW,,true,NONE,10-15FT,PERSON,STANDING,100951
410,TASER (PROBE DISCHARGE),,,,,,,,,,,,,,,,,100955
411,TASER (PROBE DISCHARGE),,,,,,,,,,,,,,,,,100956
412,TASER (PROBE DISCHARGE),,,,,,,,,,,,,,,,,100959
413,TASER (PROBE DISCHARGE),,,,,,,,,,,,,,,,,100960
414,TASER (PROBE DISCHARGE),,,,,,,,,,,,,,,,,100966
415,TASER (PROBE DISCHARGE),,,,,,,,,,,,,,,,,100979
416,TASER (PROBE DISCHARGE),,,,,,,,,,,,,,,,,100998
417,TASER (PROBE DISCHARGE),,,,,,,,,,,,,,,,,101023
418,TASER (PROBE DISCHARGE),,,,,,,,,,,,,,,,,101027
419,TASER (PROBE DISCHARGE),,,,,,,,,,,,,,,,,101068
420,TASER (PROBE DISCHARGE),,,,,,,,,,,,,,,,,101125
421,TASER (PROBE DISCHARGE),,,,,,,,,,,,,,,,,101133
422,TASER (PROBE DISCHARGE),,,,,,,,,,,,,,,,,101170
423,TASER (PROBE DISCHARGE),,,,,,,,,,,,,,,,,101179
424,TASER (PROBE DISCHARGE),,,,,,,,,,,,,,,,,101181
425,TASER (PROBE DISCHARGE),,,,,,,,,,,,,,,,,101205
426,TASER (PROBE DISCHARGE),,,,,,,,,,,,,,,,,101232
427,TASER (PROBE DISCHARGE),,,,,,,,,,,,,,,,,101238
428,TASER (DRIVE STUN MODE),,,,,,,,,,,,,,,,,101257
429,TASER (PROBE DISCHARGE),,,,,,,,,,,,,,,,,101258
430,TASER (PROBE DISCHARGE),,,,,,,,,,,,,,,,,101260
431,TASER (PROBE DISCHARGE),,,,,,,,,,,,,,,,,101261
432,CHEMICAL WEAPON,,,,,,,,,,,,,,,,,101270
433,TASER (PROBE DISCHARGE),,,,,,,,,,,,,,,,,101275
434,TASER (PROBE DISCHARGE),,,,,,,,,,,,,,,,,101315
435,CHEMICAL WEAPON,,,,,,,,,,,,,,,,,101333
436,TASER (PROBE DISCHARGE),,,,,,,,,,,,,,,,,101339
437,TASER (PROBE DISCHARGE),,,,,,,,,,,,,,,,,101349
438,CHEMICAL WEAPON,,,,,,,,,,,,,,,,,101366
439,TASER (PROBE DISCHARGE),,,,,,,,,,,,,,,,,101375
440,CHEMICAL WEAPON,,,,,,,,,,,,,,,,,101386
441,TASER (PROBE DISCHARGE),,,,,,,,,,,,,,,,,101394
442,TASER (PROBE DISCHARGE),,,,,,,,,,,,,,,,,101396
443,TASER (PROBE DISCHARGE),,,,,,,,,,,,,,,,,101465
444,TASER (PROBE DISCHARGE),,,,,,,,,,,,,,,,,101494
445,TASER (PROBE DISCHARGE),,,,,,,,,,,,,,,,,101501
446,TASER (PROBE DISCHARGE),,,,,,,,,,,,,,,,,101502
447,CHEMICAL WEAPON,,,,,,,,,,,,,,,,,101515
448,CHEMICAL WEAPON,,,,,,,,,,,,,,,,,101534
449,TASER (PROBE DISCHARGE),,,,,,,,,,,,,,,,,101557
450,TASER (PROBE DISCHARGE),,,,,,,,,,,,,,,,,101561
451,TASER (PROBE DISCHARGE),,,,,,,,,,,,,,,,,101573
452,CHEMICAL WEAPON,,,,,,,,,,,,,,,,,101575
453,TASER (PROBE DISCHARGE),,,,,,,,,,,,,,,,,101581
454,TASER (PROBE DISCHARGE),,,,,,,,,,,,,,,,,101582
455,TASER (PROBE DISCHARGE),,,,,,,,,,,,,,,,,101621
456,CHEMICAL WEAPON,,,,,,,,,,,,,,,,,101624
457,TASER (PROBE DISCHARGE),,,,,,,,,,,,,,,,,101632
458,TASER (PROBE DISCHARGE),,,,,,,,,,,,,,,,,101653
459,TASER (PROBE DISCHARGE),,,,,,,,,,,,,,,,,101669
460,TASER (PROBE DISCHARGE),,,,,,,,,,,,,,,,,101679
461,TASER (PROBE DISCHARGE),,,,,,,,,,,,,,,,,101683
462,TASER (PROBE DISCHARGE),,,,,,,,,,,,,,,,,101689
463,TASER (PROBE DISCHARGE),,,,,,,,,,,,,,,,,101733
464,TASER (DRIVE STUN MODE),,,,,,,,,,,,,,,,,101735
465,CHEMICAL WEAPON,,,,,,,,,,,,,,,,,101747
466,TASER (PROBE DISCHARGE),,,,,,,,,,,,,,,,,101779
467,TASER (DRIVE STUN MODE),,,,,,,,,,,,,,,,,101782
468,TASER (PROBE DISCHARGE),,,,,,,,,,,,,,,,,101787
469,TASER (DRIVE STUN MODE),,,,,,,,,,,,,,,,,101794
470,TASER (PROBE DISCHARGE),,,,,,,,,,,,,,,,,101849
471,TASER (DRIVE STUN MODE),,,,,,,,,,,,,,,,,101857
472,TASER (PROBE DISCHARGE),,,,,,,,,,,,,,,,,101857
473,TASER (PROBE DISCHARGE),,,,,,,,,,,,,,,,,101891
474,TASER (PROBE DISCHARGE),,,,,,,,,,,,,,,,,101897
475,TASER (PROBE DISCHARGE),,,,,,,,,,,,,,,,,101898
476,TASER (DRIVE STUN MODE),,,,,,,,,,,,,,,,,101921
477,TASER (PROBE DISCHARGE),,,,,,,,,,,,,,,,,101945
478,TASER (PROBE DISCHARGE),,,,,,,,,,,,,,,,,101963
479,TASER (PROBE DISCHARGE),,,,,,,,,,,,,,,,,102037
480,TASER (DRIVE STUN MODE),,,,,,,,,,,,,,,,,102070
481,TASER (PROBE DISCHARGE),,,,,,,,,,,,,,,,,102076
482,TASER (PROBE DISCHARGE),,,,,,,,,,,,,,,,,102082
483,TASER (PROBE DISCHARGE),,,,,,,,,,,,,,,,,102092
484,TASER (PROBE DISCHARGE),,,,,,,,,,,,,,,,,102104
485,TASER (PROBE DISCHARGE),,,,,,,,,,,,,,,,,102106
486,TASER (PROBE DISCHARGE),,,,,,,,,,,,,,,,,102111
487,TASER (PROBE DISCHARGE),,,,,,,,,,,,,,,,,102118
488,TASER (PROBE DISCHARGE),,,,,,,,,,,,,,,,,102126
489,TASER (PROBE DISCHARGE),,,,,,,,,,,,,,,,,102151
490,TASER (PROBE DISCHARGE),,,,,,,,,,,,,,,,,102173
491,TASER (PROBE DISCHARGE),,,,,,,,,,,,,,,,,102185
492,TASER (PROBE DISCHARGE),,,,,,,,,,,,,,,,,102191
493,TASER (PROBE DISCHARGE),,,,,,,,,,,,,,,,,102192
494,CHEMICAL WEAPON,,,,,,,,,,,,,,,,,102229
495,CHEMICAL WEAPON,,,,,,,,,,,,,,,,,102230
496,TASER (PROBE DISCHARGE),,,,,,,,,,,,,,,,,102280
497,TASER (PROBE DISCHARGE),,,,,,,,,,,,,,,,,102310
498,TASER (PROBE DISCHARGE),,,,,,,,,,,,,,,,,102327
499,TASER (PROBE DISCHARGE),,,,,,,,,,,,,,,,,102379
500,TASER (PROBE DISCHARGE),,,,,,,,,,,,,,,,,102381
501,TASER (DRIVE STUN MODE),,,,,,,,,,,,,,,,,102383
502,TASER (PROBE DISCHARGE),,,,,,,,,,,,,,,,,102385
503,CHEMICAL WEAPON,,,,,,,,,,,,,,,,,102390
504,CHEMICAL WEAPON,,,,,,,,,,,,,,,,,102391
505,CHEMICAL WEAPON,,,,,,,,,,,,,,,,,102392
506,CHEMICAL WEAPON,,,,,,,,,,,,,,,,,102401
507,TASER (PROBE DISCHARGE),,,,,,,,,,,,,,,,,102405
508,TASER (PROBE DISCHARGE),,,,,,,,,,,,,,,,,102420
509,TASER (PROBE DISCHARGE),,,,,,,,,,,,,,,,,102437
510,TASER (PROBE DISCHARGE),,,,,,,,,,,,,,,,,102494
511,TASER (PROBE DISCHARGE),,,,,,,,,,,,,,,,,102534
512,TASER (PROBE DISCHARGE),,,,,,,,,,,,,,,,,102535
513,CHEMICAL WEAPON,,,,,,,,,,,,,,,,,102544
514,TASER (PROBE DISCHARGE),,,,,,,,,,,,,,,,,102548
515,CHEMICAL WEAPON,,,,,,,,,,,,,,,,,102583
516,TASER (PROBE DISCHARGE),,,,,,,,,,,,,,,,,102601
517,CHEMICAL WEAPON,,,,,,,,,,,,,,,,,102621
518,TASER (PROBE DISCHARGE),,,,,,,,,,,,,,,,,102637
519,TASER (PROBE DISCHARGE),,,,,,,,,,,,,,,,,102647
520,TASER (DRIVE STUN MODE),,,,,,,,,,,,,,,,,102657
521,TASER (PROBE DISCHARGE),,,,,,,,,,,,,,,,,102657
522,TASER (PROBE DISCHARGE),,,,,,,,,,,,,,,,,102662
523,CHEMICAL WEAPON,,,,,,,,,,,,,,,,,102668
524,TASER (PROBE DISCHARGE),,,,,,,,,,,,,,,,,102670
525,TASER (PROBE DISCHARGE),,,,,,,,,,,,,,,,,102676
526,CHEMICAL WEAPON,,,,,,,,,,,,,,,,,102691
527,SEMI-AUTO PISTOL,SPRINGFIELD ARMS CO.--US--(NAME USED BY CRESCENT),,XDM,4.5, 9 MM,5,No,,RIGHT SIDE (WAIST),STRONG SIDE DRAW,,true,VEHICLE,10-15FT,PERSON,SITTING,102741
528,SEMI-AUTO PISTOL,"GLOCK, INC.--AU--",,17,4.5, 9 MM,16,No,,RIGHT SIDE (WAIST),STRONG SIDE DRAW,,true,NONE,0-5FT,PERSON,STANDING,102742
529,TASER (PROBE DISCHARGE),,,,,,,,,,,,,,,,,102755
530,TASER (DRIVE STUN MODE),,,,,,,,,,,,,,,,,102758
531,TASER (PROBE DISCHARGE),,,,,,,,,,,,,,,,,102788
532,TASER (PROBE DISCHARGE),,,,,,,,,,,,,,,,,102813
533,TASER (PROBE DISCHARGE),,,,,,,,,,,,,,,,,102819
534,TASER (PROBE DISCHARGE),,,,,,,,,,,,,,,,,102821
535,TASER (PROBE DISCHARGE),,,,,,,,,,,,,,,,,102825
536,TASER (PROBE DISCHARGE),,,,,,,,,,,,,,,,,102829
537,RIFLE,,,DEFENDER,16,,3,No,,,,,true,DISTANCE,,,,102831
538,SEMI-AUTO PISTOL,"GLOCK, INC.--AU--",,19,4, 9 MM,3,No,,RIGHT SIDE (WAIST),STRONG SIDE DRAW,,false,DISTANCE,0-5FT,ANIMAL,STANDING,102832
539,TASER (PROBE DISCHARGE),,,,,,,,,,,,,,,,,102840
540,TASER (PROBE DISCHARGE),,,,,,,,,,,,,,,,,102876
541,TASER (DRIVE STUN MODE),,,,,,,,,,,,,,,,,102925
542,SEMI-AUTO PISTOL,"GLOCK, INC.--AU--",,17,4.49, 9 MM,3,No,,RIGHT SIDE (WAIST),STRONG SIDE DRAW,,true,NONE,05-10FT,PERSON,STANDING,102935
543,TASER (PROBE DISCHARGE),,,,,,,,,,,,,,,,,102942
544,TASER (PROBE DISCHARGE),,,,,,,,,,,,,,,,,102962
545,TASER (PROBE DISCHARGE),,,,,,,,,,,,,,,,,102979
546,TASER (PROBE DISCHARGE),,,,,,,,,,,,,,,,,102985
547,TASER (PROBE DISCHARGE),,,,,,,,,,,,,,,,,102987
548,CHEMICAL WEAPON,,,,,,,,,,,,,,,,,102990
549,TASER (PROBE DISCHARGE),,,,,,,,,,,,,,,,,103032
550,TASER (PROBE DISCHARGE),,,,,,,,,,,,,,,,,103034
551,TASER (PROBE DISCHARGE),,,,,,,,,,,,,,,,,103038
552,TASER (PROBE DISCHARGE),,,,,,,,,,,,,,,,,103043
553,TASER (PROBE DISCHARGE),,,,,,,,,,,,,,,,,103044
554,TASER (PROBE DISCHARGE),,,,,,,,,,,,,,,,,103101
555,TASER (PROBE DISCHARGE),,,,,,,,,,,,,,,,,103105
556,SEMI-AUTO PISTOL,"SMITH & WESSON  -US- (BODYGUARD,CHIEF SPECIAL)",,M&P,4, 9 MM,3,No,,RIGHT SIDE (WAIST),STRONG SIDE DRAW,,false,NONE,0-5FT,PERSON,STANDING,103156
557,TASER (PROBE DISCHARGE),,,,,,,,,,,,,,,,,103161
558,TASER (PROBE DISCHARGE),,,,,,,,,,,,,,,,,103191
559,TASER (PROBE DISCHARGE),,,,,,,,,,,,,,,,,103204
560,SEMI-AUTO PISTOL,"GLOCK, INC.--AU--",,21,4.6, 45 ACP,14,Yes,13,RIGHT SIDE (WAIST),STRONG SIDE DRAW,EMERGENCY RELOAD,true,POLICE VEHICLE,OVER 15FT,BOTH,SITTING,103227
561,TASER (DRIVE STUN MODE),,,,,,,,,,,,,,,,,103248
562,TASER (PROBE DISCHARGE),,,,,,,,,,,,,,,,,103254
563,TASER (PROBE DISCHARGE),,,,,,,,,,,,,,,,,103261
564,TASER (PROBE DISCHARGE),,,,,,,,,,,,,,,,,103262
565,TASER (PROBE DISCHARGE),,,,,,,,,,,,,,,,,103265
566,TASER (PROBE DISCHARGE),,,,,,,,,,,,,,,,,103285
567,TASER (PROBE DISCHARGE),,,,,,,,,,,,,,,,,103293
568,TASER (PROBE DISCHARGE),,,,,,,,,,,,,,,,,103294
569,TASER (PROBE DISCHARGE),,,,,,,,,,,,,,,,,103336
570,TASER (PROBE DISCHARGE),,,,,,,,,,,,,,,,,103345
571,TASER (PROBE DISCHARGE),,,,,,,,,,,,,,,,,103350
572,TASER (PROBE DISCHARGE),,,,,,,,,,,,,,,,,103351
573,TASER (PROBE DISCHARGE),,,,,,,,,,,,,,,,,103357
574,TASER (PROBE DISCHARGE),,,,,,,,,,,,,,,,,103360
575,TASER (PROBE DISCHARGE),,,,,,,,,,,,,,,,,103387
576,TASER (PROBE DISCHARGE),,,,,,,,,,,,,,,,,103394
577,TASER (PROBE DISCHARGE),,,,,,,,,,,,,,,,,103409
578,TASER (PROBE DISCHARGE),,,,,,,,,,,,,,,,,103429
579,TASER (PROBE DISCHARGE),,,,,,,,,,,,,,,,,103435
580,TASER (PROBE DISCHARGE),,,,,,,,,,,,,,,,,103455
581,CHEMICAL WEAPON,,,,,,,,,,,,,,,,,103456
582,TASER (PROBE DISCHARGE),,,,,,,,,,,,,,,,,103467
583,TASER (PROBE DISCHARGE),,,,,,,,,,,,,,,,,103486
584,TASER (PROBE DISCHARGE),,,,,,,,,,,,,,,,,103513
585,TASER (PROBE DISCHARGE),,,,,,,,,,,,,,,,,103553
586,TASER (PROBE DISCHARGE),,,,,,,,,,,,,,,,,103568
587,TASER (DRIVE STUN MODE),,,,,,,,,,,,,,,,,103584
588,TASER (PROBE DISCHARGE),,,,,,,,,,,,,,,,,103600
589,TASER (PROBE DISCHARGE),,,,,,,,,,,,,,,,,103642
590,TASER (DRIVE STUN MODE),,,,,,,,,,,,,,,,,103645
591,SEMI-AUTO PISTOL,"GLOCK, INC.--AU--",,17,4.5, 9 MM,8,No,,RIGHT SIDE (WAIST),STRONG SIDE DRAW,,false,NONE,05-10FT,PERSON,OTHER (SPECIFY),103649
592,TASER (PROBE DISCHARGE),,,,,,,,,,,,,,,,,103650
593,TASER (PROBE DISCHARGE),,,,,,,,,,,,,,,,,103651
594,TASER (DRIVE STUN MODE),,,,,,,,,,,,,,,,,103654
595,TASER (PROBE DISCHARGE),,,,,,,,,,,,,,,,,103654
596,CHEMICAL WEAPON,,,,,,,,,,,,,,,,,103665
597,TASER (PROBE DISCHARGE),,,,,,,,,,,,,,,,,103667
598,TASER (PROBE DISCHARGE),,,,,,,,,,,,,,,,,103668
599,TASER (PROBE DISCHARGE),,,,,,,,,,,,,,,,,103691
600,TASER (PROBE DISCHARGE),,,,,,,,,,,,,,,,,103693
601,TASER (DRIVE STUN MODE),,,,,,,,,,,,,,,,,103696
602,TASER (DRIVE STUN MODE),,,,,,,,,,,,,,,,,103701
603,TASER (PROBE DISCHARGE),,,,,,,,,,,,,,,,,103720
604,TASER (DRIVE STUN MODE),,,,,,,,,,,,,,,,,103768
605,TASER (PROBE DISCHARGE),,,,,,,,,,,,,,,,,103770
606,SEMI-AUTO PISTOL,SPRINGFIELD ARMS CO.--US--(NAME USED BY CRESCENT),,XD,4, 45 ACP,1,No,0,RIGHT SIDE (WAIST),STRONG SIDE DRAW,,true,WALL,10-15FT,OBJECT,STANDING,103793
607,SEMI-AUTO PISTOL,"GLOCK, INC.--AU--",,19,4, 9 MM,1,No,0,RIGHT SIDE (WAIST),STRONG SIDE DRAW,DNA,true,CORNER OF BUILDING,OVER 15FT,UNKNOWN,STANDING,103795
608,SEMI-AUTO PISTOL,"GLOCK, INC.--AU--",,22,4.5,40 S&W,3,No,,RIGHT SIDE (WAIST),STRONG SIDE DRAW,,true,REAR FENCE,10-15FT,PERSON,STANDING,103797
609,SEMI-AUTO PISTOL,"GLOCK, INC.--AU--",,21,4.5, 45 ACP,1,No,0,RIGHT SIDE (WAIST),STRONG SIDE DRAW,NONE,true,NO COVER,05-10FT,UNKNOWN,STANDING,103798
610,SEMI-AUTO PISTOL,"GLOCK, INC.--AU--",,19,4, 9 MM,1,No,,RIGHT SIDE (WAIST),STRONG SIDE DRAW,,false,NONE,10-15FT,UNKNOWN,STANDING,103801
611,TASER (PROBE DISCHARGE),,,,,,,,,,,,,,,,,103812
612,TASER (PROBE DISCHARGE),,,,,,,,,,,,,,,,,103814
613,TASER (DRIVE STUN MODE),,,,,,,,,,,,,,,,,103831
614,TASER (PROBE DISCHARGE),,,,,,,,,,,,,,,,,103839
615,TASER (PROBE DISCHARGE),,,,,,,,,,,,,,,,,103842
616,TASER (PROBE DISCHARGE),,,,,,,,,,,,,,,,,103846
617,TASER (PROBE DISCHARGE),,,,,,,,,,,,,,,,,103872
618,TASER (PROBE DISCHARGE),,,,,,,,,,,,,,,,,103877
619,TASER (PROBE DISCHARGE),,,,,,,,,,,,,,,,,103881
620,SEMI-AUTO PISTOL,"GLOCK, INC.--AU--",,22,4,40 S&W,6,Yes,15,RIGHT SIDE (WAIST),STRONG SIDE DRAW,LT HAND TACTICAL,false,SQUAD CAR,0-5FT,PERSON,STANDING,103890
621,SEMI-AUTO PISTOL,"GLOCK, INC.--AU--",,23 GEN 4,4.02,40 S&W,6,No,0,RIGHT SIDE (WAIST),STRONG SIDE DRAW,DNA,true,NONE,0-5FT,PERSON,STANDING,103891
622,TASER (PROBE DISCHARGE),,,,,,,,,,,,,,,,,103896
623,TASER (PROBE DISCHARGE),,,,,,,,,,,,,,,,,103904
624,TASER (PROBE DISCHARGE),,,,,,,,,,,,,,,,,103905
625,TASER (PROBE DISCHARGE),,,,,,,,,,,,,,,,,103927
626,SEMI-AUTO PISTOL,"GLOCK, INC.--AU--",,19,4, 9 MM,2,No,,RIGHT SIDE (WAIST),STRONG SIDE DRAW,,true,NONE,10-15FT,NONE,STANDING,103970
627,SEMI-AUTO PISTOL,"GLOCK, INC.--AU--",,19,4.02, 9 MM,5,No,0,RIGHT SIDE (WAIST),STRONG SIDE DRAW,,false,NONE,10-15FT,NONE,STANDING,103973
628,CHEMICAL WEAPON,,,,,,,,,,,,,,,,,103992
629,TASER (DRIVE STUN MODE),,,,,,,,,,,,,,,,,104011
630,TASER (PROBE DISCHARGE),,,,,,,,,,,,,,,,,104011
631,TASER (PROBE DISCHARGE),,,,,,,,,,,,,,,,,104012
632,TASER (PROBE DISCHARGE),,,,,,,,,,,,,,,,,104015
633,TASER (PROBE DISCHARGE),,,,,,,,,,,,,,,,,104023
634,TASER (PROBE DISCHARGE),,,,,,,,,,,,,,,,,104031
635,TASER (PROBE DISCHARGE),,,,,,,,,,,,,,,,,104036
636,TASER (PROBE DISCHARGE),,,,,,,,,,,,,,,,,104048
637,TASER (PROBE DISCHARGE),,,,,,,,,,,,,,,,,104060
638,TASER (PROBE DISCHARGE),,,,,,,,,,,,,,,,,104087
639,TASER (PROBE DISCHARGE),,,,,,,,,,,,,,,,,104091
640,TASER (PROBE DISCHARGE),,,,,,,,,,,,,,,,,104095
641,TASER (PROBE DISCHARGE),,,,,,,,,,,,,,,,,104096
642,TASER (PROBE DISCHARGE),,,,,,,,,,,,,,,,,104100
643,TASER (PROBE DISCHARGE),,,,,,,,,,,,,,,,,104101
644,TASER (PROBE DISCHARGE),,,,,,,,,,,,,,,,,104109
645,TASER (PROBE DISCHARGE),,,,,,,,,,,,,,,,,104127
646,TASER (PROBE DISCHARGE),,,,,,,,,,,,,,,,,104128
647,TASER (PROBE DISCHARGE),,,,,,,,,,,,,,,,,104155
648,TASER (PROBE DISCHARGE),,,,,,,,,,,,,,,,,104158
649,TASER (PROBE DISCHARGE),,,,,,,,,,,,,,,,,104162
650,TASER (PROBE DISCHARGE),,,,,,,,,,,,,,,,,104164
651,TASER (PROBE DISCHARGE),,,,,,,,,,,,,,,,,104167
652,TASER (PROBE DISCHARGE),,,,,,,,,,,,,,,,,104168
653,TASER (PROBE DISCHARGE),,,,,,,,,,,,,,,,,104243
654,TASER (PROBE DISCHARGE),,,,,,,,,,,,,,,,,104247
655,TASER (PROBE DISCHARGE),,,,,,,,,,,,,,,,,104248
656,TASER (PROBE DISCHARGE),,,,,,,,,,,,,,,,,104299
657,TASER (PROBE DISCHARGE),,,,,,,,,,,,,,,,,104308
658,TASER (PROBE DISCHARGE),,,,,,,,,,,,,,,,,104311
659,TASER (PROBE DISCHARGE),,,,,,,,,,,,,,,,,104312
660,TASER (PROBE DISCHARGE),,,,,,,,,,,,,,,,,104353
661,SEMI-AUTO PISTOL,"GLOCK, INC.--AU--",,19,4, 9 MM,2,No,0,LEFT SIDE (WAIST),STRONG SIDE DRAW,N/A,false,NONE,10-15FT,PERSON,SITTING,104360
662,TASER (PROBE DISCHARGE),,,,,,,,,,,,,,,,,104398
663,TASER (PROBE DISCHARGE),,,,,,,,,,,,,,,,,104408
664,TASER (PROBE DISCHARGE),,,,,,,,,,,,,,,,,104424
665,TASER (PROBE DISCHARGE),,,,,,,,,,,,,,,,,104426
666,TASER (PROBE DISCHARGE),,,,,,,,,,,,,,,,,104435
667,TASER (PROBE DISCHARGE),,,,,,,,,,,,,,,,,104460
668,SEMI-AUTO PISTOL,SPRINGFIELD ARMORY M1A,,XD-45,3.1, 45 ACP,1,No,0,RIGHT SIDE (WAIST),STRONG SIDE DRAW,DNA,false,NONE,0-5FT,PERSON,STANDING,104468
669,TASER (PROBE DISCHARGE),,,,,,,,,,,,,,,,,104482
670,SEMI-AUTO PISTOL,"GLOCK, INC.--AU--",,19,4.02, 9 MM,11,No,0,RIGHT SIDE (WAIST),STRONG SIDE DRAW,DNA,true,DISTANCE,05-10FT,OBJECT,STANDING,104521
671,SEMI-AUTO PISTOL,"GLOCK, INC.--AU--",,17,4.5, 9 MM,5,No,,RIGHT SIDE (WAIST),STRONG SIDE DRAW,,false,NONE,0-5FT,OBJECT,STANDING,104522
672,TASER (PROBE DISCHARGE),,,,,,,,,,,,,,,,,104538
673,TASER (PROBE DISCHARGE),,,,,,,,,,,,,,,,,104548
674,TASER (PROBE DISCHARGE),,,,,,,,,,,,,,,,,104551
675,TASER (PROBE DISCHARGE),,,,,,,,,,,,,,,,,104574
676,TASER (PROBE DISCHARGE),,,,,,,,,,,,,,,,,104595
677,TASER (PROBE DISCHARGE),,,,,,,,,,,,,,,,,104599
678,TASER (PROBE DISCHARGE),,,,,,,,,,,,,,,,,104607
679,TASER (PROBE DISCHARGE),,,,,,,,,,,,,,,,,104608
680,TASER (PROBE DISCHARGE),,,,,,,,,,,,,,,,,104622
681,CHEMICAL WEAPON,,,,,,,,,,,,,,,,,104627
682,TASER (PROBE DISCHARGE),,,,,,,,,,,,,,,,,104631
683,TASER (PROBE DISCHARGE),,,,,,,,,,,,,,,,,104665
684,TASER (PROBE DISCHARGE),,,,,,,,,,,,,,,,,104670
685,TASER (PROBE DISCHARGE),,,,,,,,,,,,,,,,,104672
686,TASER (PROBE DISCHARGE),,,,,,,,,,,,,,,,,104673
687,TASER (PROBE DISCHARGE),,,,,,,,,,,,,,,,,104676
688,TASER (PROBE DISCHARGE),,,,,,,,,,,,,,,,,104679
689,TASER (PROBE DISCHARGE),,,,,,,,,,,,,,,,,104680
690,TASER (PROBE DISCHARGE),,,,,,,,,,,,,,,,,104683
691,SEMI-AUTO PISTOL,"SMITH & WESSON  -US- (BODYGUARD,CHIEF SPECIAL)",,M&P,4.25, 9 MM,5,No,,RIGHT SIDE (WAIST),STRONG SIDE DRAW,,true,NONE,10-15FT,UNKNOWN,STANDING,104689
692,TASER (PROBE DISCHARGE),,,,,,,,,,,,,,,,,104690
693,TASER (DRIVE STUN MODE),,,,,,,,,,,,,,,,,104704
694,TASER (PROBE DISCHARGE),,,,,,,,,,,,,,,,,104731
695,TASER (PROBE DISCHARGE),,,,,,,,,,,,,,,,,104736
696,TASER (PROBE DISCHARGE),,,,,,,,,,,,,,,,,104762
697,TASER (PROBE DISCHARGE),,,,,,,,,,,,,,,,,104819
698,TASER (PROBE DISCHARGE),,,,,,,,,,,,,,,,,104820
699,TASER (PROBE DISCHARGE),,,,,,,,,,,,,,,,,104845
700,TASER (PROBE DISCHARGE),,,,,,,,,,,,,,,,,104858
701,SEMI-AUTO PISTOL,"GLOCK, INC.--AU--",,17,4.48, 9 MM,5,No,,LEFT SIDE (WAIST),STRONG SIDE DRAW,,true,PINNED BETWEEN VEHICLES,05-10FT,PERSON,STANDING,104863
702,TASER (PROBE DISCHARGE),,,,,,,,,,,,,,,,,104926
703,TASER (PROBE DISCHARGE),,,,,,,,,,,,,,,,,104946
704,TASER (PROBE DISCHARGE),,,,,,,,,,,,,,,,,104969
705,TASER (PROBE DISCHARGE),,,,,,,,,,,,,,,,,104987
706,TASER (PROBE DISCHARGE),,,,,,,,,,,,,,,,,104993
707,TASER (PROBE DISCHARGE),,,,,,,,,,,,,,,,,104994
708,TASER (PROBE DISCHARGE),,,,,,,,,,,,,,,,,105018
709,TASER (PROBE DISCHARGE),,,,,,,,,,,,,,,,,105047
710,TASER (PROBE DISCHARGE),,,,,,,,,,,,,,,,,105059
711,SEMI-AUTO PISTOL,"GLOCK, INC.--AU--",,21,4.61,45 CAL,1,No,0,RIGHT SIDE (WAIST),STRONG SIDE DRAW,,false,NONE,OVER 15FT,NONE,STANDING,105065
712,TASER (PROBE DISCHARGE),,,,,,,,,,,,,,,,,105096
713,TASER (PROBE DISCHARGE),,,,,,,,,,,,,,,,,105100
714,TASER (PROBE DISCHARGE),,,,,,,,,,,,,,,,,105104
715,TASER (PROBE DISCHARGE),,,,,,,,,,,,,,,,,105106
716,TASER (PROBE DISCHARGE),,,,,,,,,,,,,,,,,105107
717,TASER (PROBE DISCHARGE),,,,,,,,,,,,,,,,,105131
718,TASER (PROBE DISCHARGE),,,,,,,,,,,,,,,,,105183
719,TASER (PROBE DISCHARGE),,,,,,,,,,,,,,,,,105188
720,TASER (PROBE DISCHARGE),,,,,,,,,,,,,,,,,105197
721,CHEMICAL WEAPON,,,,,,,,,,,,,,,,,105200
722,TASER (PROBE DISCHARGE),,,,,,,,,,,,,,,,,105247
723,TASER (PROBE DISCHARGE),,,,,,,,,,,,,,,,,105250
724,SEMI-AUTO PISTOL,"GLOCK, INC.--AU--",,17,4.5, 9 MM,18,Yes,1,LEFT SIDE (WAIST),STRONG SIDE DRAW,TACTICAL RELOAD,true,"SHIELDING AND COVER, TACTICAL RETREAT",OVER 15FT,NONE,STANDING,105260
725,TASER (PROBE DISCHARGE),,,,,,,,,,,,,,,,,105290
726,TASER (PROBE DISCHARGE),,,,,,,,,,,,,,,,,105294
727,TASER (PROBE DISCHARGE),,,,,,,,,,,,,,,,,105295
728,CHEMICAL WEAPON,,,,,,,,,,,,,,,,,105344
729,TASER (PROBE DISCHARGE),,,,,,,,,,,,,,,,,105355
730,TASER (PROBE DISCHARGE),,,,,,,,,,,,,,,,,105358
731,TASER (PROBE DISCHARGE),,,,,,,,,,,,,,,,,105370
732,TASER (PROBE DISCHARGE),,,,,,,,,,,,,,,,,105372
733,TASER (PROBE DISCHARGE),,,,,,,,,,,,,,,,,105373
734,TASER (PROBE DISCHARGE),,,,,,,,,,,,,,,,,105434
735,CHEMICAL WEAPON,,,,,,,,,,,,,,,,,105444
736,TASER (PROBE DISCHARGE),,,,,,,,,,,,,,,SUBJECT,,353787
737,TASER (PROBE DISCHARGE),,,,,,,,,,,,,,,SUBJECT,,354083
738,TASER (PROBE DISCHARGE),,,,,,,,,,,,,,,SUBJECT,,355728
739,TASER (PROBE DISCHARGE),,,,,,,,,,,,,,,SUBJECT,,356653
740,TASER (PROBE DISCHARGE),,,,,,,,,,,,,,,SUBJECT,,357400
741,TASER (PROBE DISCHARGE),,,,,,,,,,,,,,,SUBJECT,,357607
742,TASER (PROBE DISCHARGE),,,,,,,,,,,,,,,SUBJECT,,357711
743,TASER (PROBE DISCHARGE),,,,,,,,,,,,,,,SUBJECT,,360895
744,TASER (PROBE DISCHARGE),,,,,,,,,,,,,,,SUBJECT,,361543
745,TASER (PROBE DISCHARGE),,,,,,,,,,,,,,,NONE,,361650
746,TASER (PROBE DISCHARGE),,,,,,,,,,,,,,,SUBJECT,,362730
747,TASER (PROBE DISCHARGE),,,,,,,,,,,,,,,SUBJECT,,364786
748,TASER (PROBE DISCHARGE),,,,,,,,,,,,,,,NONE,,365125
749,TASER (PROBE DISCHARGE),,,,,,,,,,,,,,,SUBJECT,,366220
750,TASER (PROBE DISCHARGE),,,,,,,,,,,,,,,NONE,,368906
751,TASER (PROBE DISCHARGE),,,,,,,,,,,,,,,SUBJECT,,369507
752,TASER (PROBE DISCHARGE),,,,,,,,,,,,,,,SUBJECT,,370312
753,TASER (PROBE DISCHARGE),,,,,,,,,,,,,,,SUBJECT,,370388
754,TASER (PROBE DISCHARGE),,,,,,,,,,,,,,,SUBJECT,,370573
755,TASER (PROBE DISCHARGE),,,,,,,,,,,,,,,SUBJECT,,376008
756,TASER (PROBE DISCHARGE),,,,,,,,,,,,,,,NONE,,376250
757,OTHER (SPECIFY),,,,,,,,,,,,,,,ANY OTHER COMBINATION,,376278
758,TASER (PROBE DISCHARGE),,,,,,,,,,,,,,,NONE,,376280
759,TASER (PROBE DISCHARGE),,,,,,,,,,,,,,,SUBJECT,,378479
760,TASER (PROBE DISCHARGE),,,,,,,,,,,,,,,SUBJECT,,379343
761,TASER (PROBE DISCHARGE),,,,,,,,,,,,,,,SUBJECT,,379379
762,TASER (PROBE DISCHARGE),,,,,,,,,,,,,,,SUBJECT,,380450
763,TASER (PROBE DISCHARGE),,,,,,,,,,,,,,,SUBJECT,,382088
764,TASER (PROBE DISCHARGE),,,,,,,,,,,,,,,NONE,,383104
765,TASER (PROBE DISCHARGE),,,,,,,,,,,,,,,SUBJECT,,385305
766,TASER (PROBE DISCHARGE),,,,,,,,,,,,,,,SUBJECT,,386607
767,TASER (PROBE DISCHARGE),,,,,,,,,,,,,,,SUBJECT,,387120
768,TASER (PROBE DISCHARGE),,,,,,,,,,,,,,,SUBJECT,,387165
769,TASER (PROBE DISCHARGE),,,,,,,,,,,,,,,SUBJECT,,387183
770,SEMI-AUTO PISTOL,,GLOCK GMBH,17,,,7,No,,,,,,,,SUBJECT,,387472
771,TASER (PROBE DISCHARGE),,,,,,,,,,,,,,,SUBJECT,,387883
772,TASER (PROBE DISCHARGE),,,,,,,,,,,,,,,SUBJECT,,388956
773,TASER (PROBE DISCHARGE),,,,,,,,,,,,,,,SUBJECT,,389387
774,TASER (PROBE DISCHARGE),,,,,,,,,,,,,,,NONE,,393000
775,SEMI-AUTO PISTOL,,GLOCK GMBH,17,,,9,No,,,,,,,,UNKNOWN,,393020
776,SEMI-AUTO PISTOL,,"SPRINGFIELD ARMORY,GENESEO,IL",XD9,,,14,Yes,,,,,,,,UNKNOWN,,393021
777,TASER (PROBE DISCHARGE),,,,,,,,,,,,,,,SUBJECT,,396997
778,TASER (PROBE DISCHARGE),,,,,,,,,,,,,,,SUBJECT,,398871
779,TASER (PROBE DISCHARGE),,,,,,,,,,,,,,,SUBJECT,,398937
780,TASER (PROBE DISCHARGE),,,,,,,,,,,,,,,SUBJECT,,399012
781,TASER (PROBE DISCHARGE),,,,,,,,,,,,,,,SUBJECT,,399105
782,TASER (PROBE DISCHARGE),,,,,,,,,,,,,,,SUBJECT,,401509
783,SEMI-AUTO PISTOL,,GLOCK GMBH,42,,,1,No,,,,,,,,SUBJECT,,401602
784,TASER (PROBE DISCHARGE),,,,,,,,,,,,,,,SUBJECT,,407932
785,TASER (PROBE DISCHARGE),,,,,,,,,,,,,,,SUBJECT,,408005
786,TASER (PROBE DISCHARGE),,,,,,,,,,,,,,,SUBJECT,,409070
787,TASER (PROBE DISCHARGE),,,,,,,,,,,,,,,SUBJECT,,409199
788,TASER (PROBE DISCHARGE),,,,,,,,,,,,,,,SUBJECT,,409847
789,TASER (PROBE DISCHARGE),,,,,,,,,,,,,,,SUBJECT,,409927
790,TASER (PROBE DISCHARGE),,,,,,,,,,,,,,,SUBJECT,,410484
791,TASER (PROBE DISCHARGE),,,,,,,,,,,,,,,SUBJECT,,412105
792,TASER (PROBE DISCHARGE),,,,,,,,,,,,,,,SUBJECT,,412420
793,TASER (PROBE DISCHARGE),,,,,,,,,,,,,,,SUBJECT,,414702
794,TASER (PROBE DISCHARGE),,,,,,,,,,,,,,,SUBJECT,,419131
795,SEMI-AUTO PISTOL,,GLOCK GMBH,19,,,1,No,,,,,,,,OBJECT,,420870
796,SEMI-AUTO PISTOL,,GLOCK GMBH,19,,,1,No,,,,,,,,UNKNOWN,,420877
797,SEMI-AUTO PISTOL,,SMITH & WESSON,M&P,,,1,No,,,,,,,,OBJECT,,420945
798,TASER (PROBE DISCHARGE),,,,,,,,,,,,,,,SUBJECT,,421862
799,SEMI-AUTO PISTOL,,GLOCK GMBH,17,,,3,No,,,,,,,,SUBJECT,,424638
800,SEMI-AUTO PISTOL,,GLOCK GMBH,17,,,3,No,,,,,,,,SUBJECT,,424755
801,TASER (PROBE DISCHARGE),,,,,,,,,,,,,,,OBJECT,,426034
802,TASER (PROBE DISCHARGE),,,,,,,,,,,,,,,SUBJECT,,428376
803,TASER (PROBE DISCHARGE),,,,,,,,,,,,,,,SUBJECT,,428380
804,SEMI-AUTO PISTOL,,RUGER,LCP,,,2,No,,,,,,,,NONE,,428917
805,REVOLVER,,SMITH & WESSON,38,,,1,No,,,,,,,,NONE,,428986
806,TASER (PROBE DISCHARGE),,,,,,,,,,,,,,,SUBJECT,,431103
807,TASER (PROBE DISCHARGE),,,,,,,,,,,,,,,SUBJECT,,431570
808,TASER (PROBE DISCHARGE),,,,,,,,,,,,,,,SUBJECT,,432843
809,TASER (PROBE DISCHARGE),,,,,,,,,,,,,,,NONE,,437912
810,CHEMICAL WEAPON,,,,,,,,,,,,,,,SUBJECT,,443588
811,TASER (PROBE DISCHARGE),,,,,,,,,,,,,,,SUBJECT,,444720
812,TASER (PROBE DISCHARGE),,,,,,,,,,,,,,,NONE,,447910
813,TASER (PROBE DISCHARGE),,,,,,,,,,,,,,,SUBJECT,,450937
814,TASER (PROBE DISCHARGE),,,,,,,,,,,,,,,SUBJECT,,451238
815,TASER (PROBE DISCHARGE),,,,,,,,,,,,,,,SUBJECT,,453513
816,SEMI-AUTO PISTOL,,GLOCK GMBH,19,,,4,No,,,,,,,,SUBJECT,,453802
817,TASER (PROBE DISCHARGE),,,,,,,,,,,,,,,SUBJECT,,454969
818,OTHER (SPECIFY),,,,,,,,,,,,,,,NONE,,456570
819,OTHER (SPECIFY),,,,,,,,,,,,,,,NONE,,457517
820,TASER (PROBE DISCHARGE),,,,,,,,,,,,,,,SUBJECT,,460135
821,TASER (PROBE DISCHARGE),,,,,,,,,,,,,,,SUBJECT,,461306
822,TASER (PROBE DISCHARGE),,,,,,,,,,,,,,,NONE,,463983
823,TASER (PROBE DISCHARGE),,,,,,,,,,,,,,,SUBJECT,,465507
824,TASER (PROBE DISCHARGE),,,,,,,,,,,,,,,SUBJECT,,466003
825,SEMI-AUTO PISTOL,,GLOCK GMBH,17,,,1,No,,,,,,,,SUBJECT,,468384
826,TASER (PROBE DISCHARGE),,,,,,,No,,,,,,,,SUBJECT,,468384
827,TASER (PROBE DISCHARGE),,,,,,,,,,,,,,,SUBJECT,,468516
828,TASER (PROBE DISCHARGE),,,,,,,,,,,,,,,NONE,,470775
829,TASER (PROBE DISCHARGE),,,,,,,,,,,,,,,SUBJECT,,472679
830,TASER (PROBE DISCHARGE),,,,,,,,,,,,,,,SUBJECT,,476167
831,TASER (PROBE DISCHARGE),,,,,,,,,,,,,,,SUBJECT,,484383
832,TASER (PROBE DISCHARGE),,,,,,,,,,,,,,,SUBJECT,,484387
833,TASER (PROBE DISCHARGE),,,,,,,,,,,,,,,SUBJECT,,490255
834,TASER (PROBE DISCHARGE),,,,,,,,,,,,,,,SUBJECT,,491766
835,TASER (PROBE DISCHARGE),,,,,,,,,,,,,,,SUBJECT,,493134
836,TASER (PROBE DISCHARGE),,,,,,,,,,,,,,,SUBJECT,,494762
837,SEMI-AUTO PISTOL,,"SAUER, J. P. (SAUER & SOHN)",P220,,,4,No,,,,,,,,SUBJECT,,494815
838,TASER (PROBE DISCHARGE),,,,,,,,,,,,,,,SUBJECT,,495433
839,TASER (PROBE DISCHARGE),,,,,,,,,,,,,,,SUBJECT,,495639
840,TASER (PROBE DISCHARGE),,,,,,,,,,,,,,,SUBJECT,,500033
841,TASER (PROBE DISCHARGE),,,,,,,,,,,,,,,NONE,,503691
842,TASER (PROBE DISCHARGE),,,,,,,,,,,,,,,SUBJECT,,504920
843,TASER (PROBE DISCHARGE),,,,,,,,,,,,,,,SUBJECT,,506720
844,TASER (PROBE DISCHARGE),,,,,,,,,,,,,,,SUBJECT,,508670
845,TASER (PROBE DISCHARGE),,,,,,,,,,,,,,,SUBJECT,,508812
846,CHEMICAL WEAPON,,,,,,,,,,,,,,,SUBJECT,,511615
847,TASER (PROBE DISCHARGE),,,,,,,,,,,,,,,SUBJECT,,516004
848,TASER (PROBE DISCHARGE),,,,,,,,,,,,,,,SUBJECT,,516817
849,TASER (PROBE DISCHARGE),,,,,,,,,,,,,,,SUBJECT,,517688
850,TASER (PROBE DISCHARGE),,,,,,,,,,,,,,,SUBJECT,,520462
851,TASER (PROBE DISCHARGE),,,,,,,,,,,,,,,,,523752
852,TASER (PROBE DISCHARGE),,,,,,,,,,,,,,,SUBJECT,,525082
853,TASER (PROBE DISCHARGE),,,,,,,,,,,,,,,SUBJECT,,531327
854,TASER (PROBE DISCHARGE),,,,,,,,,,,,,,,NONE,,531523
855,TASER (PROBE DISCHARGE),,,,,,,,,,,,,,,SUBJECT,,534118
856,SEMI-AUTO PISTOL,,GLOCK GMBH,19,,,2,No,,,,,,,,UNKNOWN,,534977
857,SEMI-AUTO PISTOL,,GLOCK GMBH,19,,,3,No,,,,,,,,SUBJECT,,535457
858,CHEMICAL WEAPON,,,,,,,,,,,,,,,SUBJECT,,536576
859,TASER (PROBE DISCHARGE),,,,,,,,,,,,,,,SUBJECT,,537310
860,TASER (PROBE DISCHARGE),,,,,,,,,,,,,,,SUBJECT,,537636
861,TASER (PROBE DISCHARGE),,,,,,,,,,,,,,,SUBJECT,,539556
862,TASER (PROBE DISCHARGE),,,,,,,,,,,,,,,SUBJECT,,540813
863,TASER (PROBE DISCHARGE),,,,,,,,,,,,,,,SUBJECT,,541684
864,TASER (PROBE DISCHARGE),,,,,,,,,,,,,,,SUBJECT,,542389
865,TASER (PROBE DISCHARGE),,,,,,,,,,,,,,,SUBJECT,,544108
866,TASER (PROBE DISCHARGE),,,,,,,,,,,,,,,SUBJECT,,544866
867,SEMI-AUTO PISTOL,,"SPRINGFIELD ARMORY,GENESEO,IL",XDM,,,3,No,,,,,,,,SUBJECT,,547133
868,TASER (PROBE DISCHARGE),,,,,,,,,,,,,,,NONE,,549757
869,OTHER (SPECIFY),,,,,,,,,,,,,,,NONE,,549933
870,TASER (PROBE DISCHARGE),,,,,,,,,,,,,,,SUBJECT,,552827
871,TASER (PROBE DISCHARGE),,,,,,,,,,,,,,,SUBJECT,,553664
872,TASER (PROBE DISCHARGE),,,,,,,,,,,,,,,SUBJECT,,553802
873,OTHER (SPECIFY),,,,,,,No,,,,,,,,SUBJECT,,555904
874,RIFLE,,BUSHMASTER FIREARMS,XM15E2,,,1,No,,,,,,,,SUBJECT,,555904
875,OTHER (SPECIFY),,,,,,,No,,,,,,,,SUBJECT,,555911
876,RIFLE,,REMINGTON ARMS CO.,870,,,1,No,,,,,,,,SUBJECT,,555911
877,TASER (PROBE DISCHARGE),,,,,,,,,,,,,,,SUBJECT,,556989
878,TASER (PROBE DISCHARGE),,,,,,,,,,,,,,,SUBJECT,,557130
879,TASER (PROBE DISCHARGE),,,,,,,,,,,,,,,SUBJECT,,558328
880,TASER (PROBE DISCHARGE),,,,,,,,,,,,,,,SUBJECT,,559283
881,TASER (PROBE DISCHARGE),,,,,,,,,,,,,,,,,561086
882,CHEMICAL WEAPON,,,,,,,,,,,,,,,SUBJECT,,562735
883,TASER (PROBE DISCHARGE),,,,,,,,,,,,,,,SUBJECT,,563682
884,TASER (PROBE DISCHARGE),,,,,,,,,,,,,,,NONE,,564089
885,TASER (PROBE DISCHARGE),,,,,,,,,,,,,,,NONE,,564120
886,TASER (PROBE DISCHARGE),,,,,,,,,,,,,,,SUBJECT,,566805
887,TASER (PROBE DISCHARGE),,,,,,,,,,,,,,,SUBJECT,,566806
888,TASER (PROBE DISCHARGE),,,,,,,,,,,,,,,SUBJECT,,566808
889,TASER (PROBE DISCHARGE),,,,,,,,,,,,,,,SUBJECT,,566809
890,TASER (PROBE DISCHARGE),,,,,,,,,,,,,,,SUBJECT,,567525
891,TASER (PROBE DISCHARGE),,,,,,,,,,,,,,,SUBJECT,,567537
892,TASER (PROBE DISCHARGE),,,,,,,,,,,,,,,SUBJECT,,570281
893,SEMI-AUTO PISTOL,,GLOCK GMBH,17,,,8,No,,,,,,,,SUBJECT,,572692
894,SEMI-AUTO PISTOL,,GLOCK GMBH,17,,,2,No,,,,,,,,SUBJECT,,572743
895,CHEMICAL WEAPON,,,,,,,,,,,,,,,SUBJECT,,573591
896,TASER (PROBE DISCHARGE),,,,,,,,,,,,,,,SUBJECT,,576229
897,TASER (PROBE DISCHARGE),,,,,,,,,,,,,,,NONE,,577988
898,TASER (PROBE DISCHARGE),,,,,,,,,,,,,,,SUBJECT,,578076
899,TASER (PROBE DISCHARGE),,,,,,,,,,,,,,,SUBJECT,,578929
900,TASER (PROBE DISCHARGE),,,,,,,,,,,,,,,SUBJECT,,579039
901,TASER (PROBE DISCHARGE),,,,,,,,,,,,,,,SUBJECT,,579111
902,TASER (PROBE DISCHARGE),,,,,,,,,,,,,,,,,579694
903,TASER (PROBE DISCHARGE),,,,,,,,,,,,,,,SUBJECT,,581965
904,SEMI-AUTO PISTOL,,GLOCK GMBH,19,,,5,No,,,,,,,,SUBJECT,,583253
905,CHEMICAL WEAPON,,,,,,,,,,,,,,,SUBJECT,,583540
906,TASER (PROBE DISCHARGE),,,,,,,,,,,,,,,SUBJECT,,586349
907,TASER (PROBE DISCHARGE),,,,,,,,,,,,,,,SUBJECT,,589844
908,TASER (PROBE DISCHARGE),,,,,,,,,,,,,,,SUBJECT,,592517
909,TASER (PROBE DISCHARGE),,,,,,,,,,,,,,,SUBJECT,,594419
910,TASER (PROBE DISCHARGE),,,,,,,,,,,,,,,SUBJECT,,597295
911,TASER (PROBE DISCHARGE),,,,,,,,,,,,,,,NONE,,598638
912,TASER (PROBE DISCHARGE),,,,,,,,,,,,,,,SUBJECT,,599653
913,TASER (PROBE DISCHARGE),,,,,,,,,,,,,,,SUBJECT,,599671
914,TASER (PROBE DISCHARGE),,,,,,,,,,,,,,,SUBJECT,,599947
915,TASER (PROBE DISCHARGE),,,,,,,,,,,,,,,SUBJECT,,599956
916,TASER (PROBE DISCHARGE),,,,,,,,,,,,,,,SUBJECT,,600128
917,TASER (PROBE DISCHARGE),,,,,,,,,,,,,,,SUBJECT,,601331
918,TASER (PROBE DISCHARGE),,,,,,,,,,,,,,,SUBJECT,,602255
919,TASER (PROBE DISCHARGE),,,,,,,,,,,,,,,SUBJECT,,602285
920,TASER (PROBE DISCHARGE),,,,,,,,,,,,,,,SUBJECT,,603115
921,TASER (PROBE DISCHARGE),,,,,,,,,,,,,,,SUBJECT,,603251
922,CHEMICAL WEAPON,,,,,,,,,,,,,,,SUBJECT,,603809
923,TASER (PROBE DISCHARGE),,,,,,,,,,,,,,,SUBJECT,,604201
924,TASER (PROBE DISCHARGE),,,,,,,,,,,,,,,SUBJECT,,604909
925,TASER (PROBE DISCHARGE),,,,,,,,,,,,,,,SUBJECT,,611533
926,TASER (PROBE DISCHARGE),,,,,,,,,,,,,,,ANY OTHER COMBINATION,,612296
927,TASER (PROBE DISCHARGE),,,,,,,,,,,,,,,SUBJECT,,612310
928,TASER (PROBE DISCHARGE),,,,,,,,,,,,,,,SUBJECT,,612587
929,TASER (PROBE DISCHARGE),,,,,,,,,,,,,,,SUBJECT,,613485
930,TASER (PROBE DISCHARGE),,,,,,,,,,,,,,,NONE,,615744
931,TASER (PROBE DISCHARGE),,,,,,,,,,,,,,,SUBJECT,,616373
932,TASER (PROBE DISCHARGE),,,,,,,,,,,,,,,SUBJECT,,616381
933,TASER (PROBE DISCHARGE),,,,,,,,,,,,,,,SUBJECT,,616398
934,TASER (PROBE DISCHARGE),,,,,,,,,,,,,,,SUBJECT,,616935
935,TASER (PROBE DISCHARGE),,,,,,,,,,,,,,,SUBJECT,,617742
936,TASER (PROBE DISCHARGE),,,,,,,,,,,,,,,SUBJECT,,617743
937,SEMI-AUTO PISTOL,,GLOCK GMBH,19,,,11,No,,,,,,,,UNKNOWN,,627186
938,SEMI-AUTO PISTOL,,GLOCK GMBH,17,,,7,No,,,,,,,,UNKNOWN,,627195
939,TASER (PROBE DISCHARGE),,,,,,,,,,,,,,,SUBJECT,,629237
940,TASER (PROBE DISCHARGE),,,,,,,,,,,,,,,SUBJECT,,631719
941,TASER (PROBE DISCHARGE),,,,,,,,,,,,,,,SUBJECT,,631782
942,TASER (PROBE DISCHARGE),,,,,,,,,,,,,,,SUBJECT,,632272
943,TASER (PROBE DISCHARGE),,,,,,,,,,,,,,,OTHER PERSON,,633824
944,TASER (PROBE DISCHARGE),,,,,,,,,,,,,,,SUBJECT,,634538
945,TASER (PROBE DISCHARGE),,,,,,,,,,,,,,,SUBJECT,,635981
946,TASER (PROBE DISCHARGE),,,,,,,,,,,,,,,SUBJECT,,640158
947,TASER (PROBE DISCHARGE),,,,,,,,,,,,,,,NONE,,645828
948,TASER (PROBE DISCHARGE),,,,,,,,,,,,,,,SUBJECT,,646871
949,TASER (PROBE DISCHARGE),,,,,,,,,,,,,,,SUBJECT,,648629
950,TASER (PROBE DISCHARGE),,,,,,,,,,,,,,,SUBJECT,,650241
951,TASER (PROBE DISCHARGE),,,,,,,,,,,,,,,NONE,,650322
952,TASER (PROBE DISCHARGE),,,,,,,,,,,,,,,SUBJECT,,650627
953,TASER (PROBE DISCHARGE),,,,,,,,,,,,,,,SUBJECT,,655069
954,TASER (PROBE DISCHARGE),,,,,,,,,,,,,,,SUBJECT,,655783
955,CHEMICAL WEAPON,,,,,,,,,,,,,,,SUBJECT,,662144
956,TASER (PROBE DISCHARGE),,,,,,,,,,,,,,,SUBJECT,,669884
957,TASER (PROBE DISCHARGE),,,,,,,,,,,,,,,NONE,,671313
958,TASER (PROBE DISCHARGE),,,,,,,,,,,,,,,SUBJECT,,673402
959,TASER (PROBE DISCHARGE),,,,,,,,,,,,,,,SUBJECT,,681100
960,TASER (PROBE DISCHARGE),,,,,,,,,,,,,,,OBJECT,,681607
961,TASER (PROBE DISCHARGE),,,,,,,,,,,,,,,SUBJECT,,685633
962,TASER (PROBE DISCHARGE),,,,,,,,,,,,,,,NONE,,686371
963,CHEMICAL WEAPON,,,,,,,,,,,,,,,SUBJECT,,687532
964,SEMI-AUTO PISTOL,,GLOCK GMBH,17,,,1,No,,,,,,,,SUBJECT,,689245
965,TASER (PROBE DISCHARGE),,,,,,,,,,,,,,,SUBJECT,,690167
966,TASER (PROBE DISCHARGE),,,,,,,,,,,,,,,SUBJECT,,691004
967,TASER (PROBE DISCHARGE),,,,,,,,,,,,,,,SUBJECT,,691721
968,TASER (PROBE DISCHARGE),,,,,,,,,,,,,,,SUBJECT,,692181
969,TASER (PROBE DISCHARGE),,,,,,,,,,,,,,,SUBJECT,,694448
970,TASER (PROBE DISCHARGE),,,,,,,,,,,,,,,SUBJECT,,694498
971,TASER (PROBE DISCHARGE),,,,,,,,,,,,,,,SUBJECT,,703948
972,TASER (PROBE DISCHARGE),,,,,,,,,,,,,,,SUBJECT,,704685
973,SEMI-AUTO PISTOL,,GLOCK GMBH,17,,,1,No,,,,,,,,SUBJECT,,706383
974,TASER (PROBE DISCHARGE),,,,,,,,,,,,,,,SUBJECT,,706755
975,TASER (PROBE DISCHARGE),,,,,,,,,,,,,,,SUBJECT,,710757
976,RIFLE,,BUSHMASTER FIREARMS,XM15E2,,,5,No,,,,,,,,SUBJECT,,716202
977,RIFLE,,BUSHMASTER FIREARMS,XM15E2,,,5,No,,,,,,,,SUBJECT,,716386
978,SEMI-AUTO PISTOL,,SMITH & WESSON,M&P,,,4,No,,,,,,,,SUBJECT,,717871
979,TASER (PROBE DISCHARGE),,,,,,,,,,,,,,,SUBJECT,,723075
980,TASER (PROBE DISCHARGE),,,,,,,,,,,,,,,SUBJECT,,723102
981,TASER (PROBE DISCHARGE),,,,,,,,,,,,,,,NONE,,723116
982,TASER (PROBE DISCHARGE),,,,,,,,,,,,,,,SUBJECT,,729649
983,TASER (PROBE DISCHARGE),,,,,,,,,,,,,,,SUBJECT,,730339
984,TASER (PROBE DISCHARGE),,,,,,,,,,,,,,,SUBJECT,,740151
985,TASER (PROBE DISCHARGE),,,,,,,,,,,,,,,SUBJECT,,746497
986,TASER (PROBE DISCHARGE),,,,,,,,,,,,,,,SUBJECT,,747533
987,TASER (PROBE DISCHARGE),,,,,,,,,,,,,,,SUBJECT,,748669
988,REVOLVER,,SMITH & WESSON,686,,,1,No,,,,,,,,NONE,,748965
989,CHEMICAL WEAPON,,,,,,,,,,,,,,,SUBJECT,,757231
990,TASER (PROBE DISCHARGE),,,,,,,,,,,,,,,SUBJECT,,757308
991,CHEMICAL WEAPON,,,,,,,,,,,,,,,SUBJECT,,757313
992,TASER (PROBE DISCHARGE),,,,,,,,,,,,,,,SUBJECT,,757313
993,TASER (PROBE DISCHARGE),,,,,,,,,,,,,,,SUBJECT,,757354
994,TASER (PROBE DISCHARGE),,,,,,,,,,,,,,,SUBJECT,,757707
995,TASER (PROBE DISCHARGE),,,,,,,,,,,,,,,NONE,,763983
996,TASER (PROBE DISCHARGE),,,,,,,,,,,,,,,SUBJECT,,765730
997,SEMI-AUTO PISTOL,,GLOCK GMBH,17,,,1,No,,,,,,,,UNKNOWN,,772734
998,TASER (PROBE DISCHARGE),,,,,,,,,,,,,,,SUBJECT,,773290
999,TASER (PROBE DISCHARGE),,,,,,,,,,,,,,,SUBJECT,,778904
1000,TASER (PROBE DISCHARGE),,,,,,,,,,,,,,,SUBJECT,,795609
1001,TASER (PROBE DISCHARGE),,,,,,,,,,,,,,,NONE,,796441
1002,TASER (PROBE DISCHARGE),,,,,,,,,,,,,,,SUBJECT,,797846
1003,TASER (PROBE DISCHARGE),,,,,,,,,,,,,,,SUBJECT,,798825
1004,TASER (PROBE DISCHARGE),,,,,,,,,,,,,,,SUBJECT,,800480
1005,TASER (PROBE DISCHARGE),,,,,,,,,,,,,,,SUBJECT,,816097
1006,TASER (PROBE DISCHARGE),,,,,,,,,,,,,,,SUBJECT,,819100
1007,TASER (DRIVE STUN MODE),,,,,,,,,,,,,,,SUBJECT,,819241
1008,TASER (PROBE DISCHARGE),,,,,,,,,,,,,,,SUBJECT,,821845
1009,TASER (PROBE DISCHARGE),,,,,,,,,,,,,,,SUBJECT,,828049
1010,CHEMICAL WEAPON,,,,,,,,,,,,,,,OTHER PERSON,,831580
1011,TASER (PROBE DISCHARGE),,,,,,,,,,,,,,,SUBJECT,,832983
1012,TASER (PROBE DISCHARGE),,,,,,,,,,,,,,,SUBJECT,,834914
1013,TASER (PROBE DISCHARGE),,,,,,,,,,,,,,,SUBJECT,,842081
1014,SEMI-AUTO PISTOL,,SMITH & WESSON,M&P,,,4,No,,,,,,,,OBJECT,,850483
1015,TASER (PROBE DISCHARGE),,,,,,,,,,,,,,,SUBJECT,,864031
1016,TASER (PROBE DISCHARGE),,,,,,,,,,,,,,,SUBJECT,,878307
1017,CHEMICAL WEAPON,,,,,,,,,,,,,,,,,894708
1018,CHEMICAL WEAPON,,,,,,,,,,,,,,,SUBJECT,,900386
1019,TASER (PROBE DISCHARGE),,,,,,,,,,,,,,,SUBJECT,,914816
1020,TASER (PROBE DISCHARGE),,,,,,,,,,,,,,,SUBJECT,,916398
1021,TASER (PROBE DISCHARGE),,,,,,,,,,,,,,,SUBJECT,,917779
1022,TASER (PROBE DISCHARGE),,,,,,,,,,,,,,,SUBJECT,,920662
1023,TASER (PROBE DISCHARGE),,,,,,,,,,,,,,,SUBJECT,,923412
1024,TASER (PROBE DISCHARGE),,,,,,,,,,,,,,,SUBJECT,,925335
1025,TASER (PROBE DISCHARGE),,,,,,,,,,,,,,,SUBJECT,,927486
1026,SEMI-AUTO PISTOL,,GLOCK GMBH,19,,,8,No,,,,,,,,UNKNOWN,,928121
1027,SEMI-AUTO PISTOL,,GLOCK GMBH,19,,,14,No,,,,,,,,SUBJECT,,928126
1028,SEMI-AUTO PISTOL,,GLOCK GMBH,19,,,8,No,,,,,,,,UNKNOWN,,928128
1029,SEMI-AUTO PISTOL,,GLOCK GMBH,17,,,14,No,,,,,,,,UNKNOWN,,928152
1030,TASER (PROBE DISCHARGE),,,,,,,,,,,,,,,SUBJECT,,931976
1031,TASER (PROBE DISCHARGE),,,,,,,,,,,,,,,SUBJECT,,936454
1032,CHEMICAL WEAPON,,,,,,,,,,,,,,,SUBJECT,,936620
1033,TASER (PROBE DISCHARGE),,,,,,,,,,,,,,,SUBJECT,,955830
1034,TASER (PROBE DISCHARGE),,,,,,,,,,,,,,,SUBJECT,,956570
1035,TASER (PROBE DISCHARGE),,,,,,,,,,,,,,,SUBJECT,,963916
1036,TASER (PROBE DISCHARGE),,,,,,,,,,,,,,,SUBJECT,,981202
1037,TASER (PROBE DISCHARGE),,,,,,,,,,,,,,,SUBJECT,,987223
1038,TASER (PROBE DISCHARGE),,,,,,,,,,,,,,,NONE,,987811
1039,TASER (PROBE DISCHARGE),,,,,,,,,,,,,,,,,989456
1040,SEMI-AUTO PISTOL,,GLOCK GMBH,26,,,1,No,,,,,,,,OBJECT,,997787
1041,TASER (PROBE DISCHARGE),,,,,,,,,,,,,,,SUBJECT,,1007651
1042,TASER (PROBE DISCHARGE),,,,,,,,,,,,,,,SUBJECT,,1020303
1043,TASER (PROBE DISCHARGE),,,,,,,,,,,,,,,SUBJECT,,1022698
1044,TASER (PROBE DISCHARGE),,,,,,,,,,,,,,,SUBJECT,,1023001
1045,TASER (PROBE DISCHARGE),,,,,,,,,,,,,,,NONE,,1028599
1046,TASER (PROBE DISCHARGE),,,,,,,,,,,,,,,SUBJECT,,1033326
1047,TASER (PROBE DISCHARGE),,,,,,,,,,,,,,,SUBJECT,,1040563
1048,TASER (PROBE DISCHARGE),,,,,,,,,,,,,,,SUBJECT,,1114872
1049,TASER (PROBE DISCHARGE),,,,,,,,,,,,,,,SUBJECT,,1124841
1050,TASER (PROBE DISCHARGE),,,,,,,,,,,,,,,SUBJECT,,1135709
1051,TASER (PROBE DISCHARGE),,,,,,,,,,,,,,,SUBJECT,,1157012
1052,TASER (PROBE DISCHARGE),,,,,,,,,,,,,,,SUBJECT,,1164320
1053,TASER (PROBE DISCHARGE),,,,,,,,,,,,,,,NONE,,1166361
1054,TASER (PROBE DISCHARGE),,,,,,,,,,,,,,,SUBJECT,,1194454
1055,TASER (PROBE DISCHARGE),,,,,,,,,,,,,,,SUBJECT,,1212009
1056,TASER (PROBE DISCHARGE),,,,,,,,,,,,,,,SUBJECT,,1226189
1057,TASER (PROBE DISCHARGE),,,,,,,,,,,,,,,SUBJECT,,1265648
1058,TASER (PROBE DISCHARGE),,,,,,,,,,,,,,,SUBJECT,,1266337
1059,CHEMICAL WEAPON,,,,,,,,,,,,,,,SUBJECT,,1366661
1060,TASER (PROBE DISCHARGE),,,,,,,,,,,,,,,SUBJECT,,1374720
1061,TASER (PROBE DISCHARGE),,,,,,,,,,,,,,,SUBJECT,,1389127
1062,TASER (PROBE DISCHARGE),,,,,,,,,,,,,,,SUBJECT,,1393930
1063,TASER (PROBE DISCHARGE),,,,,,,,,,,,,,,SUBJECT,,1395968
1064,TASER (PROBE DISCHARGE),,,,,,,,,,,,,,,SUBJECT,,1404205
1065,TASER (PROBE DISCHARGE),,,,,,,,,,,,,,,SUBJECT,,1441620
1066,TASER (PROBE DISCHARGE),,,,,,,,,,,,,,,SUBJECT,,1450272
1067,TASER (PROBE DISCHARGE),,,,,,,,,,,,,,,SUBJECT,,1455002
1068,SEMI-AUTO PISTOL,,GLOCK GMBH,19,,,11,Yes,,,,,,,,UNKNOWN,,1460357
1069,SEMI-AUTO PISTOL,,GLOCK GMBH,17,,,9,No,,,,,,,,SUBJECT,,1460383
1070,TASER (PROBE DISCHARGE),,,,,,,,,,,,,,,SUBJECT,,1460585
1071,TASER (PROBE DISCHARGE),,,,,,,,,,,,,,,SUBJECT,,1500596
1072,TASER (PROBE DISCHARGE),,,,,,,,,,,,,,,SUBJECT,,1503286
1073,CHEMICAL WEAPON,,,,,,,,,,,,,,,SUBJECT,,1527738
1074,TASER (PROBE DISCHARGE),,,,,,,,,,,,,,,NONE,,1541739
1075,TASER (PROBE DISCHARGE),,,,,,,,,,,,,,,SUBJECT,,1548543
1076,SEMI-AUTO PISTOL,,GLOCK GMBH,17,,,5,No,,,,,,,,SUBJECT,,1602368
1077,RIFLE,,BUSHMASTER FIREARMS,M4,,,2,No,,,,,,,,SUBJECT,,1602902
1078,TASER (PROBE DISCHARGE),,,,,,,,,,,,,,,SUBJECT,,1616844
1079,TASER (PROBE DISCHARGE),,,,,,,,,,,,,,,SUBJECT,,1619222
1080,TASER (PROBE DISCHARGE),,,,,,,,,,,,,,,SUBJECT,,1634743
1081,TASER (PROBE DISCHARGE),,,,,,,,,,,,,,,SUBJECT,,1635464
1082,TASER (PROBE DISCHARGE),,,,,,,,,,,,,,,SUBJECT,,1648314
1083,TASER (PROBE DISCHARGE),,,,,,,,,,,,,,,SUBJECT,,1649290
1084,SEMI-AUTO PISTOL,,"S.I.G. (SWISS INDUSTRIEL GESELLSHAFT),SIG-ARMS,SIG-SAUER",P320,,,6,No,,,,,,,,UNKNOWN,,1649858
1085,SEMI-AUTO PISTOL,,"S.I.G. (SWISS INDUSTRIEL GESELLSHAFT),SIG-ARMS,SIG-SAUER",P320,,,1,No,,,,,,,,UNKNOWN,,1650049
1086,TASER (PROBE DISCHARGE),,,,,,,,,,,,,,,SUBJECT,,1650155
1087,TASER (PROBE DISCHARGE),,,,,,,,,,,,,,,SUBJECT,,1667231
1088,TASER (PROBE DISCHARGE),,,,,,,,,,,,,,,SUBJECT,,1691003
1089,SEMI-AUTO PISTOL,,GLOCK GMBH,17,,,4,No,,,,,,,,SUBJECT,,1702550
1090,TASER (PROBE DISCHARGE),,,,,,,,,,,,,,,SUBJECT,,1850040
1091,CHEMICAL WEAPON,,,,,,,,,,,,,,,SUBJECT,,1851340
1092,TASER (PROBE DISCHARGE),,,,,,,,,,,,,,,NONE,,1861535
1093,TASER (PROBE DISCHARGE),,,,,,,,,,,,,,,SUBJECT,,1912971
1094,TASER (PROBE DISCHARGE),,,,,,,,,,,,,,,SUBJECT,,1919563
1095,TASER (PROBE DISCHARGE),,,,,,,,,,,,,,,SUBJECT,,1952959
1096,TASER (PROBE DISCHARGE),,,,,,,,,,,,,,,SUBJECT,,1953679
1097,TASER (PROBE DISCHARGE),,,,,,,,,,,,,,,SUBJECT,,1987436
1098,TASER (PROBE DISCHARGE),,,,,,,,,,,,,,,SUBJECT,,1997980
1099,TASER (PROBE DISCHARGE),,,,,,,,,,,,,,,SUBJECT,,2005526
1100,TASER (PROBE DISCHARGE),,,,,,,,,,,,,,,SUBJECT,,2008335
1101,TASER (PROBE DISCHARGE),,,,,,,,,,,,,,,SUBJECT,,2018468
1102,TASER (PROBE DISCHARGE),,,,,,,,,,,,,,,SUBJECT,,2059433
1103,TASER (PROBE DISCHARGE),,,,,,,,,,,,,,,OBJECT,,2061976
1104,CHEMICAL WEAPON,,,,,,,,,,,,,,,SUBJECT,,2062524
1105,TASER (PROBE DISCHARGE),,,,,,,,,,,,,,,SUBJECT,,2067766
1106,TASER (PROBE DISCHARGE),,,,,,,,,,,,,,,SUBJECT,,2087813
1107,TASER (PROBE DISCHARGE),,,,,,,,,,,,,,,SUBJECT,,2115708
1108,TASER (PROBE DISCHARGE),,,,,,,,,,,,,,,SUBJECT,,2149810
1109,TASER (PROBE DISCHARGE),,,,,,,,,,,,,,,SUBJECT,,2156216
1110,TASER (PROBE DISCHARGE),,,,,,,,,,,,,,,UNKNOWN,,2156696
1111,CHEMICAL WEAPON,,,,,,,,,,,,,,,SUBJECT,,2156733
1112,TASER (PROBE DISCHARGE),,,,,,,,,,,,,,,SUBJECT,,2164410
1113,CHEMICAL WEAPON,,,,,,,,,,,,,,,SUBJECT,,2221328
1114,TASER (PROBE DISCHARGE),,,,,,,,,,,,,,,SUBJECT,,2221461
1115,CHEMICAL WEAPON,,,,,,,,,,,,,,,SUBJECT,,2221744
1116,CHEMICAL WEAPON,,,,,,,,,,,,,,,SUBJECT,,2235539
1117,CHEMICAL WEAPON,,,,,,,,,,,,,,,SUBJECT,,2237017
1118,TASER (PROBE DISCHARGE),,,,,,,,,,,,,,,NONE,,2269711
1119,TASER (PROBE DISCHARGE),,,,,,,,,,,,,,,SUBJECT,,2278030
1120,TASER (PROBE DISCHARGE),,,,,,,,,,,,,,,NONE,,2291768
1121,SEMI-AUTO PISTOL,,GLOCK GMBH,17,,,7,No,,,,,,,,SUBJECT,,2307633
1122,TASER (PROBE DISCHARGE),,,,,,,,,,,,,,,SUBJECT,,2336045
1123,TASER (PROBE DISCHARGE),,,,,,,,,,,,,,,SUBJECT,,2336460
1124,TASER (PROBE DISCHARGE),,,,,,,,,,,,,,,SUBJECT,,2353501
1125,TASER (PROBE DISCHARGE),,,,,,,,,,,,,,,SUBJECT,,2432020
1126,TASER (PROBE DISCHARGE),,,,,,,,,,,,,,,SUBJECT,,2448297
1127,TASER (PROBE DISCHARGE),,,,,,,,,,,,,,,ANY OTHER COMBINATION,,2464365
1128,TASER (PROBE DISCHARGE),,,,,,,,,,,,,,,NONE,,2503537
1129,TASER (PROBE DISCHARGE),,,,,,,,,,,,,,,SUBJECT,,2543368
1130,TASER (PROBE DISCHARGE),,,,,,,,,,,,,,,OBJECT,,2545086
1131,TASER (PROBE DISCHARGE),,,,,,,,,,,,,,,SUBJECT,,2545256
1132,TASER (PROBE DISCHARGE),,,,,,,,,,,,,,,SUBJECT,,2577864
1133,TASER (PROBE DISCHARGE),,,,,,,,,,,,,,,UNKNOWN,,2630855
1134,TASER (PROBE DISCHARGE),,,,,,,,,,,,,,,SUBJECT,,2702176
1135,TASER (PROBE DISCHARGE),,,,,,,,,,,,,,,SUBJECT,,2729311
1136,TASER (PROBE DISCHARGE),,,,,,,,,,,,,,,SUBJECT,,2766227
1137,TASER (PROBE DISCHARGE),,,,,,,,,,,,,,,SUBJECT,,2772218
1138,TASER (PROBE DISCHARGE),,,,,,,,,,,,,,,SUBJECT,,2788432
1139,TASER (PROBE DISCHARGE),,,,,,,,,,,,,,,SUBJECT,,2806336
1140,SEMI-AUTO PISTOL,,GLOCK GMBH,19,,,8,No,,,,,,,,UNKNOWN,,2821123
1141,SEMI-AUTO PISTOL,,GLOCK GMBH,17,,,9,No,,,,,,,,UNKNOWN,,2821128
1142,TASER (PROBE DISCHARGE),,,,,,,,,,,,,,,SUBJECT,,2847865
1143,TASER (PROBE DISCHARGE),,,,,,,,,,,,,,,SUBJECT,,2881107
1144,TASER (PROBE DISCHARGE),,,,,,,,,,,,,,,SUBJECT,,3008995
1145,CHEMICAL WEAPON,,,,,,,,,,,,,,,SUBJECT,,3048090
1146,TASER (PROBE DISCHARGE),,,,,,,,,,,,,,,SUBJECT,,3066245
1147,TASER (PROBE DISCHARGE),,,,,,,,,,,,,,,SUBJECT,,3078829
1148,TASER (PROBE DISCHARGE),,,,,,,,,,,,,,,SUBJECT,,3083138
1149,TASER (PROBE DISCHARGE),,,,,,,,,,,,,,,SUBJECT,,3088170
1150,TASER (PROBE DISCHARGE),,,,,,,,,,,,,,,SUBJECT,,3121704
1151,TASER (PROBE DISCHARGE),,,,,,,,,,,,,,,SUBJECT,,3124514
1152,TASER (PROBE DISCHARGE),,,,,,,,,,,,,,,SUBJECT,,3128318
1153,TASER (PROBE DISCHARGE),,,,,,,,,,,,,,,OBJECT,,3165888
1154,TASER (PROBE DISCHARGE),,,,,,,,,,,,,,,SUBJECT,,3166671
1155,TASER (PROBE DISCHARGE),,,,,,,,,,,,,,,NONE,,3183505
1156,TASER (PROBE DISCHARGE),,,,,,,,,,,,,,,SUBJECT,,3235663
1157,TASER (PROBE DISCHARGE),,,,,,,,,,,,,,,SUBJECT,,3237508
1158,TASER (PROBE DISCHARGE),,,,,,,,,,,,,,,SUBJECT,,3255887
1159,CHEMICAL WEAPON,,,,,,,,,,,,,,,SUBJECT,,3256252
1160,TASER (PROBE DISCHARGE),,,,,,,,,,,,,,,SUBJECT,,3256468
1161,TASER (PROBE DISCHARGE),,,,,,,,,,,,,,,SUBJECT,,3282190
1162,TASER (PROBE DISCHARGE),,,,,,,,,,,,,,,SUBJECT,,3282251
1163,TASER (PROBE DISCHARGE),,,,,,,,,,,,,,,SUBJECT,,3306317
1164,TASER (PROBE DISCHARGE),,,,,,,,,,,,,,,SUBJECT,,3322876
1165,TASER (PROBE DISCHARGE),,,,,,,,,,,,,,,SUBJECT,,3325674
1166,TASER (PROBE DISCHARGE),,,,,,,,,,,,,,,SUBJECT,,3364627
1167,TASER (PROBE DISCHARGE),,,,,,,,,,,,,,,SUBJECT,,3393317
1168,SEMI-AUTO PISTOL,,GLOCK GMBH,17,,,1,No,,,,,,,,UNKNOWN,,3412460
1169,SEMI-AUTO PISTOL,,GLOCK GMBH,23,,,14,No,,,,,,,,UNKNOWN,,3412816
1170,SEMI-AUTO PISTOL,,"SAUER, J. P. (SAUER & SOHN)",P226,,,1,No,,,,,,,,SUBJECT,,3414859
1171,SEMI-AUTO PISTOL,,GLOCK GMBH,17,,,4,No,,,,,,,,UNKNOWN,,3415022
1172,RIFLE,,DSA INC.,M4,,,2,No,,,,,,,,UNKNOWN,,3415065
1173,SEMI-AUTO PISTOL,,GLOCK GMBH,19,,,1,No,,,,,,,,UNKNOWN,,3415102
1174,RIFLE,,SMITH & WESSON,M&P 15,,,5,No,,,,,,,,UNKNOWN,,3415118
1175,SEMI-AUTO PISTOL,,GLOCK GMBH,21,,,4,No,,,,,,,,SUBJECT,,3415481
1176,TASER (PROBE DISCHARGE),,,,,,,,,,,,,,,SUBJECT,,3418817
1177,TASER (PROBE DISCHARGE),,,,,,,,,,,,,,,SUBJECT,,3423466
1178,TASER (PROBE DISCHARGE),,,,,,,,,,,,,,,SUBJECT,,3425267
1179,CHEMICAL WEAPON,,,,,,,,,,,,,,,SUBJECT,,3479248
1180,TASER (PROBE DISCHARGE),,,,,,,,,,,,,,,SUBJECT,,3479248
1181,TASER (PROBE DISCHARGE),,,,,,,,,,,,,,,NONE,,3542577
1182,TASER (PROBE DISCHARGE),,,,,,,,,,,,,,,SUBJECT,,3543777
1183,TASER (PROBE DISCHARGE),,,,,,,,,,,,,,,SUBJECT,,3582039
1184,TASER (PROBE DISCHARGE),,,,,,,,,,,,,,,SUBJECT,,3592315
1185,CHEMICAL WEAPON,,,,,,,,,,,,,,,SUBJECT,,3625355
1186,CHEMICAL WEAPON,,,,,,,,,,,,,,,SUBJECT,,3625450
1187,TASER (PROBE DISCHARGE),,,,,,,,,,,,,,,SUBJECT,,3731275
1188,TASER (PROBE DISCHARGE),,,,,,,,,,,,,,,SUBJECT,,3757741
1189,TASER (PROBE DISCHARGE),,,,,,,,,,,,,,,SUBJECT,,3764388
1190,TASER (PROBE DISCHARGE),,,,,,,,,,,,,,,SUBJECT,,3779259
1191,TASER (PROBE DISCHARGE),,,,,,,,,,,,,,,SUBJECT,,3784980
1192,TASER (PROBE DISCHARGE),,,,,,,,,,,,,,,SUBJECT,,3786940
1193,TASER (PROBE DISCHARGE),,,,,,,,,,,,,,,SUBJECT,,3795583
1194,TASER (PROBE DISCHARGE),,,,,,,,,,,,,,,SUBJECT,,3796599
1195,TASER (PROBE DISCHARGE),,,,,,,,,,,,,,,SUBJECT,,3889410
1196,TASER (PROBE DISCHARGE),,,,,,,,,,,,,,,SUBJECT,,3905566
1197,TASER (PROBE DISCHARGE),,,,,,,,,,,,,,,SUBJECT,,3964275
1198,TASER (PROBE DISCHARGE),,,,,,,,,,,,,,,SUBJECT,,3981746
1199,TASER (PROBE DISCHARGE),,,,,,,,,,,,,,,SUBJECT,,3997489
1200,TASER (PROBE DISCHARGE),,,,,,,,,,,,,,,SUBJECT,,4188824
1201,TASER (PROBE DISCHARGE),,,,,,,,,,,,,,,NONE,,4194455
1202,TASER (PROBE DISCHARGE),,,,,,,,,,,,,,,SUBJECT,,4247478
1203,CHEMICAL WEAPON,,,,,,,,,,,,,,,SUBJECT,,4283774
1204,TASER (PROBE DISCHARGE),,,,,,,,,,,,,,,SUBJECT,,4283774
1205,TASER (PROBE DISCHARGE),,,,,,,,,,,,,,,UNKNOWN,,4305122
1206,TASER (PROBE DISCHARGE),,,,,,,,,,,,,,,SUBJECT,,4323491
1207,TASER (PROBE DISCHARGE),,,,,,,,,,,,,,,SUBJECT,,4342706
1208,TASER (PROBE DISCHARGE),,,,,,,,,,,,,,,SUBJECT,,4351935
1209,TASER (PROBE DISCHARGE),,,,,,,,,,,,,,,SUBJECT,,4402124
1210,TASER (PROBE DISCHARGE),,,,,,,,,,,,,,,SUBJECT,,4402133
1211,SEMI-AUTO PISTOL,,GLOCK GMBH,17,,,6,No,,,,,,,,SUBJECT,,4430478
1212,TASER (PROBE DISCHARGE),,,,,,,,,,,,,,,NONE,,4459431
1213,TASER (PROBE DISCHARGE),,,,,,,,,,,,,,,SUBJECT,,4518614
1214,TASER (PROBE DISCHARGE),,,,,,,,,,,,,,,SUBJECT,,4554173
1215,TASER (PROBE DISCHARGE),,,,,,,,,,,,,,,SUBJECT,,4555538
1216,TASER (PROBE DISCHARGE),,,,,,,,,,,,,,,SUBJECT,,4562617
1217,CHEMICAL WEAPON,,,,,,,,,,,,,,,NONE,,4635508
1218,CHEMICAL WEAPON,,,,,,,,,,,,,,,OBJECT,,4635737
1219,CHEMICAL WEAPON,,,,,,,,,,,,,,,NONE,,4635750
1220,CHEMICAL WEAPON,,,,,,,,,,,,,,,OBJECT,,4635815
1221,CHEMICAL WEAPON,,,,,,,,,,,,,,,OBJECT,,4635816
1222,CHEMICAL WEAPON,,,,,,,,,,,,,,,OBJECT,,4635817
1223,CHEMICAL WEAPON,,,,,,,,,,,,,,,NONE,,4635818
1224,CHEMICAL WEAPON,,,,,,,,,,,,,,,UNKNOWN,,4635836
1225,CHEMICAL WEAPON,,,,,,,,,,,,,,,OBJECT,,4635849
1226,TASER (PROBE DISCHARGE),,,,,,,,,,,,,,,SUBJECT,,4664330
1227,TASER (PROBE DISCHARGE),,,,,,,,,,,,,,,SUBJECT,,4686334
1228,SEMI-AUTO PISTOL,,GLOCK GMBH,19,,,1,No,,,,,,,,UNKNOWN,,4692677
1229,TASER (PROBE DISCHARGE),,,,,,,,,,,,,,,SUBJECT,,4720268
1230,TASER (PROBE DISCHARGE),,,,,,,,,,,,,,,SUBJECT,,4725920
1231,TASER (PROBE DISCHARGE),,,,,,,,,,,,,,,SUBJECT,,4741333
1232,SEMI-AUTO PISTOL,,"S.I.G. (SWISS INDUSTRIEL GESELLSHAFT),SIG-ARMS,SIG-SAUER",P226,,,2,No,,,,,,,,SUBJECT,,4798329
1233,TASER (PROBE DISCHARGE),,,,,,,,,,,,,,,SUBJECT,,4807900
1234,SEMI-AUTO PISTOL,,GLOCK GMBH,17,,,3,No,,,,,,,,SUBJECT,,4819918
1235,TASER (PROBE DISCHARGE),,,,,,,,,,,,,,,SUBJECT,,4820392
1236,TASER (PROBE DISCHARGE),,,,,,,,,,,,,,,SUBJECT,,4840454
1237,TASER (PROBE DISCHARGE),,,,,,,,,,,,,,,SUBJECT,,4887495
1238,TASER (PROBE DISCHARGE),,,,,,,,,,,,,,,NONE,,4888887
1239,TASER (PROBE DISCHARGE),,,,,,,,,,,,,,,SUBJECT,,4898406
1240,TASER (PROBE DISCHARGE),,,,,,,,,,,,,,,SUBJECT,,4964702
1241,TASER (PROBE DISCHARGE),,,,,,,,,,,,,,,NONE,,4966776
1242,TASER (PROBE DISCHARGE),,,,,,,,,,,,,,,SUBJECT,,5124692
1243,TASER (PROBE DISCHARGE),,,,,,,,,,,,,,,NONE,,5136949
1244,TASER (PROBE DISCHARGE),,,,,,,,,,,,,,,SUBJECT,,5184036
1245,TASER (PROBE DISCHARGE),,,,,,,,,,,,,,,SUBJECT,,5196438
1246,SEMI-AUTO PISTOL,,"SAUER, J. P. (SAUER & SOHN)",P228,,,3,No,,,,,,,,UNKNOWN,,5208466
1247,TASER (PROBE DISCHARGE),,,,,,,,,,,,,,,SUBJECT,,5238077
1248,CHEMICAL WEAPON,,,,,,,,,,,,,,,SUBJECT,,5258439
1249,TASER (PROBE DISCHARGE),,,,,,,,,,,,,,,SUBJECT,,5271859
1250,TASER (PROBE DISCHARGE),,,,,,,,,,,,,,,SUBJECT,,5277021
1251,TASER (PROBE DISCHARGE),,,,,,,,,,,,,,,SUBJECT,,5283418
1252,TASER (PROBE DISCHARGE),,,,,,,,,,,,,,,SUBJECT,,5402492
1253,CHEMICAL WEAPON,,,,,,,No,,,,,,,,SUBJECT,,5437745
1254,SEMI-AUTO PISTOL,,GLOCK GMBH,19,,,2,No,,,,,,,,SUBJECT,,5437745
1255,TASER (PROBE DISCHARGE),,,,,,,No,,,,,,,,SUBJECT,,5437745
1256,TASER (PROBE DISCHARGE),,,,,,,,,,,,,,,UNKNOWN,,5437763
1257,OTHER (SPECIFY),,,,,,,,,,,,,,,SUBJECT,,5446070
1258,SEMI-AUTO PISTOL,,GLOCK GMBH,19,,,13,Yes,,,,,,,,SUBJECT,,5453112
1259,TASER (PROBE DISCHARGE),,,,,,,,,,,,,,,SUBJECT,,5475790
1260,TASER (PROBE DISCHARGE),,,,,,,,,,,,,,,SUBJECT,,5476518
1261,SEMI-AUTO PISTOL,,GLOCK GMBH,26,,,1,No,,,,,,,,SUBJECT,,5525512
1262,TASER (PROBE DISCHARGE),,,,,,,,,,,,,,,SUBJECT,,5552004
1263,TASER (PROBE DISCHARGE),,,,,,,,,,,,,,,SUBJECT,,5574695
1264,TASER (PROBE DISCHARGE),,,,,,,,,,,,,,,SUBJECT,,5603387
1265,TASER (PROBE DISCHARGE),,,,,,,,,,,,,,,SUBJECT,,5624180
1266,TASER (PROBE DISCHARGE),,,,,,,,,,,,,,,SUBJECT,,5695819
1267,TASER (PROBE DISCHARGE),,,,,,,,,,,,,,,SUBJECT,,5696805
1268,TASER (PROBE DISCHARGE),,,,,,,,,,,,,,,SUBJECT,,5728796
1269,TASER (PROBE DISCHARGE),,,,,,,,,,,,,,,SUBJECT,,5735356
1270,TASER (PROBE DISCHARGE),,,,,,,,,,,,,,,SUBJECT,,5745189
1271,TASER (PROBE DISCHARGE),,,,,,,,,,,,,,,SUBJECT,,5765502
1272,TASER (PROBE DISCHARGE),,,,,,,,,,,,,,,OBJECT,,5799594
1273,TASER (PROBE DISCHARGE),,,,,,,,,,,,,,,NONE,,5803374
1274,TASER (PROBE DISCHARGE),,,,,,,,,,,,,,,SUBJECT,,5806591
1275,TASER (PROBE DISCHARGE),,,,,,,,,,,,,,,SUBJECT,,5811990
1276,TASER (PROBE DISCHARGE),,,,,,,,,,,,,,,SUBJECT,,5897444
1277,SEMI-AUTO PISTOL,,GLOCK GMBH,17,,,1,No,,,,,,,,NONE,,5899540
1278,TASER (PROBE DISCHARGE),,,,,,,,,,,,,,,SUBJECT,,5909505
1279,TASER (PROBE DISCHARGE),,,,,,,,,,,,,,,SUBJECT,,5909581
1280,TASER (PROBE DISCHARGE),,,,,,,,,,,,,,,SUBJECT,,5909717
1281,TASER (PROBE DISCHARGE),,,,,,,,,,,,,,,SUBJECT,,5920493
1282,TASER (PROBE DISCHARGE),,,,,,,,,,,,,,,SUBJECT,,5922363
1283,TASER (PROBE DISCHARGE),,,,,,,,,,,,,,,SUBJECT,,5922448
1284,TASER (PROBE DISCHARGE),,,,,,,,,,,,,,,SUBJECT,,5923624
1285,TASER (PROBE DISCHARGE),,,,,,,,,,,,,,,SUBJECT,,5923870
1286,OTHER (SPECIFY),,,,,,,No,,,,,,,,UNKNOWN,,5924119
1287,SHOTGUN,,REMINGTON ARMS CO.,870,,,1,No,,,,,,,,UNKNOWN,,5924119
1288,TASER (PROBE DISCHARGE),,,,,,,,,,,,,,,SUBJECT,,5933119
1289,CHEMICAL WEAPON,,,,,,,,,,,,,,,SUBJECT,,5946921
1290,TASER (PROBE DISCHARGE),,,,,,,,,,,,,,,SUBJECT,,5956706
1291,TASER (PROBE DISCHARGE),,,,,,,,,,,,,,,SUBJECT,,5956753
1292,TASER (PROBE DISCHARGE),,,,,,,,,,,,,,,SUBJECT,,5977367
1293,TASER (PROBE DISCHARGE),,,,,,,,,,,,,,,SUBJECT,,5993275
1294,TASER (PROBE DISCHARGE),,,,,,,,,,,,,,,NONE,,5996190
1295,CHEMICAL WEAPON,,,,,,,,,,,,,,,SUBJECT,,6035201
1296,TASER (PROBE DISCHARGE),,,,,,,,,,,,,,,SUBJECT,,6042720
1297,TASER (PROBE DISCHARGE),,,,,,,,,,,,,,,SUBJECT,,6043797
1298,TASER (PROBE DISCHARGE),,,,,,,,,,,,,,,SUBJECT,,6044038
1299,CHEMICAL WEAPON,,,,,,,,,,,,,,,SUBJECT,,6075304
1300,CHEMICAL WEAPON,,,,,,,,,,,,,,,SUBJECT,,6075976
1301,CHEMICAL WEAPON,,,,,,,,,,,,,,,SUBJECT,,6076795
1302,CHEMICAL WEAPON,,,,,,,,,,,,,,,SUBJECT,,6076801
1303,TASER (PROBE DISCHARGE),,,,,,,,,,,,,,,SUBJECT,,6077691
1304,TASER (PROBE DISCHARGE),,,,,,,,,,,,,,,SUBJECT,,6078326
1305,TASER (PROBE DISCHARGE),,,,,,,,,,,,,,,SUBJECT,,6081331
1306,TASER (PROBE DISCHARGE),,,,,,,,,,,,,,,SUBJECT,,6081987
1307,TASER (PROBE DISCHARGE),,,,,,,,,,,,,,,SUBJECT,,6082004
1308,TASER (PROBE DISCHARGE),,,,,,,,,,,,,,,SUBJECT,,6083546
